1,Ibn Sina Pharmaceutical Ind. Ltd.,Carbos    50,Acarbose 50,Alpha Glucosides inhibitor
2,Kemiko Pharmaceuticals Ltd.,Acarbose    100,Acarbose 100,Alpha Glucosides inhibitor
3,Kemiko Pharmaceuticals Ltd.,Acarbose    50,Acarbose 50,Alpha Glucosides inhibitor
4,Pacific Pharmaceuticals Ltd.,Sugatrol    100,Acarbose 100,Alpha Glucosides inhibitor
5,Pacific Pharmaceuticals Ltd.,Sugatrol    50,Acarbose 50,Alpha Glucosides inhibitor
6,Renata Limited,Renabos    50,Acarbose 50,Alpha Glucosides inhibitor
7,Renata Limited,Renabos    100,Acarbose 100,Alpha Glucosides inhibitor
8,Square Pharmaceuticals Ltd. Pabna,Glucobay    50,Acarbose 50,Alpha Glucosides inhibitor
9,The ACME Laboratories Ltd.,Gluco A   100,Acarbose 100,Alpha Glucosides inhibitor
10,The ACME Laboratories Ltd.,Gluco A   50,Acarbose 50,Alpha Glucosides inhibitor
11,White Horse Pharma,Acaril 50,Acarbose 50,Alpha Glucosides inhibitor
12,Advanced Chemical Industries Limited,Anaglin 100,Canagliflozin 100 mg,SGLT-2 inhibitor
13,Drug International Ltd.,Canarol-100,Canagliflozin 100 mg,SGLT-2 inhibitor
14,Healthcare Pharmaceuticals Ltd.,Sanglif 100 mg,Canagliflozin 100 mg,SGLT-2 inhibitor
15,Incepta Pharmaceuticals Ltd.,Glicana 100,Canagliflozin 100 mg,SGLT-2 inhibitor
16,NIPRO JMI Pharma Limited,Diacana 100,Canagliflozin 100 mg,SGLT-2 inhibitor
17,Square Pharmaceuticals Ltd. Pabna,Canaglif 100,Canagliflozin 100 mg,SGLT-2 inhibitor
18,Ziska Pharmaceuticals Ltd.,Canaflo 100,Canagliflozin 100 mg,SGLT-2 inhibitor
19,Advanced Chemical Industries Limited,Glycema 5,Dapagliflozin 5 mg,SGLT-2 inhibitor
20,Advanced Chemical Industries Limited,Glycema 10,Dapagliflozin 10 mg,SGLT-2 inhibitor
21,Beacon Pharmaceuticals Ltd.,Dapawin 5,Dapagliflozin 5 mg,SGLT-2 inhibitor
22,Beacon Pharmaceuticals Ltd.,Dapawin 10,Dapagliflozin 10 mg,SGLT-2 inhibitor
23,Concord Pharmaceuticals Ltd.,Dapazin 5,Dapagliflozin 5 mg,SGLT-2 inhibitor
24,Concord Pharmaceuticals Ltd.,Dapazin 10,Dapagliflozin 10 mg,SGLT-2 inhibitor
25,Delta Pharma Limited,Dapagard 5,Dapagliflozin 5 mg,SGLT-2 inhibitor
26,Delta Pharma Limited,Dapagard 10,Dapagliflozin 10 mg,SGLT-2 inhibitor
27,Drug International Ltd.,Daparol 5,Dapagliflozin 5 mg,SGLT-2 inhibitor
28,Incepta Pharmaceuticals Ltd.,Dapaglip 5,Dapagliflozin 5 mg,SGLT-2 inhibitor
29,Incepta Pharmaceuticals Ltd.,Dapaglip 10 Tablet,Dapagliflozin 10 mg,SGLT-2 inhibitor
30,Julphar Bangladesh Ltd.,Dialozin 5,Dapagliflozin 5 mg,SGLT-2 inhibitor
31,Navana Pharmaceuticals Ltd.,Daflozin 5,Dapagliflozin 5 mg,SGLT-2 inhibitor
32,Opsonin Pharma Limited,Diadap 5 mg,Dapagliflozin 5 mg,SGLT-2 inhibitor
33,Ziska Pharmaceuticals Ltd.,Arixa 5,Dapagliflozin 5 mg,SGLT-2 inhibitor
34,Albion Laboratories Ltd.,Glibenol 5,Glibenclamide 5,Sulfonylurea
35,Alco Pharma Limited,Diben    5,Glibenclamide 5,Sulfonylurea
36,Ambee Pharmaceuticals Ltd.,Gilemal 5,Glibenclamide 5,Sulfonylurea
37,Amico Laboratories Ltd.,Gliden 5,Glibenclamide 5,Sulfonylurea
38,Beximco Pharmaceuticals Ltd.,Glabinol    5,Glibenclamide 5,Sulfonylurea
39,Doctor's Chemicals Works Ltd.,Glabin 5,Glibenclamide 5,Sulfonylurea
40,Drug International Ltd.,Diamide 5,Glibenclamide 5,Sulfonylurea
41,EDCL (Dhaka),Glibenclamide 5,Glibenclamide 5,Sulfonylurea
42,G. A. Company Ltd.,Daosin 5,Glibenclamide 5,Sulfonylurea
43,Ibn Sina Pharmaceutical Ind. Ltd.,Clamid 5,Glibenclamide 5,Sulfonylurea
44,Jayson Pharmaceuticals Ltd.,Dicon 5,Glibenclamide 5,Sulfonylurea
45,Kemiko Pharmaceuticals Ltd.,Gluban 5,Glibenclamide 5,Sulfonylurea
46,Nipa Pharmaceuticals Ltd.,Glison 5,Glibenclamide 5,Sulfonylurea
47,Opsonin Pharma Limited,Glucon 5,Glibenclamide 5,Sulfonylurea
48,Peoples Pharma Ltd.,Dynor 5,Glibenclamide 5,Sulfonylurea
49,Pharmadesh Laboratories Ltd.,Diaben 5,Glibenclamide 5,Sulfonylurea
50,Reliance Pharmaceuticals Ltd.,Glibenclamide 5,Glibenclamide 5,Sulfonylurea
51,Sanofi Bangladesh Ltd.,Glucotab 5,Glibenclamide 5,Sulfonylurea
52,Sanofi Bangladesh Ltd.,Daonil 5,Glibenclamide 5,Sulfonylurea
53,Somatec Pharmaceuticals Ltd.,Liben 5,Glibenclamide 5,Sulfonylurea
54,Square Pharmaceuticals Ltd. Pabna,Dibenol 5,Glibenclamide 5,Sulfonylurea
55,The ACME Laboratories Ltd.,Gluconil 5,Glibenclamide 5,Sulfonylurea
56,United Chemicals & Pharmaceuticals Ltd.,Diamelix 5,Glibenclamide 5,Sulfonylurea
57,Ad-din Pharmaceuticals Ltd.,Glaryl 1,Glimepiride 1,Sulfonylurea
58,Ad-din Pharmaceuticals Ltd.,Glaryl 2,Glimepiride 2,Sulfonylurea
59,Advanced Chemical Industries Limited,Glimirid    1,Glimepiride 1,Sulfonylurea
60,Advanced Chemical Industries Limited,Glimirid    2,Glimepiride 2,Sulfonylurea
61,Advanced Chemical Industries Limited,Glimirid 3,Glimepiride 3,Sulfonylurea
62,Advanced Chemical Industries Limited,Glimirid 4,Glimepiride 4,Sulfonylurea
63,Albion Laboratories Ltd.,Glimepiride 1,Glimepiride 1,Sulfonylurea
64,Albion Laboratories Ltd.,Glimepiride 2,Glimepiride 2,Sulfonylurea
65,Alco Pharma Limited,Gipid-1    1,Glimepiride 1,Sulfonylurea
66,Alco Pharma Limited,Gipid-2    2,Glimepiride 2,Sulfonylurea
67,Aristopharma Limited,Gluconor    1,Glimepiride 1,Sulfonylurea
68,Aristopharma Limited,Gluconor    2,Glimepiride 2,Sulfonylurea
69,Beximco Pharmaceuticals Ltd.,Diaryl    1,Glimepiride 1,Sulfonylurea
70,Beximco Pharmaceuticals Ltd.,Diaryl    2,Glimepiride 2,Sulfonylurea
71,Beximco Pharmaceuticals Ltd.,Diaryl    3,Glimepiride 3,Sulfonylurea
72,Biopharma Ltd.,Glucorid 1,Glimepiride 1,Sulfonylurea
73,Biopharma Ltd.,Glucorid 2,Glimepiride 2,Sulfonylurea
74,Drug International Ltd.,Limpet    1,Glimepiride 1,Sulfonylurea
75,Drug International Ltd.,Limpet    2,Glimepiride 2,Sulfonylurea
76,Drug International Ltd.,Limpet 3,Glimepiride 3,Sulfonylurea
77,Drug International Ltd.,Limpet 4,Glimepiride 4,Sulfonylurea
78,EDCL (Dhaka),Glimepiride 1,Glimepiride 1,Sulfonylurea
79,Eskayef Pharmaceuticals Ltd. Mirpur.,Dialon    1,Glimepiride 1,Sulfonylurea
80,Eskayef Pharmaceuticals Ltd. Mirpur.,Dialon    2,Glimepiride 2,Sulfonylurea
81,Eskayef Pharmaceuticals Ltd. Mirpur.,Dialon    4,Glimepiride 4,Sulfonylurea
82,Eskayef Pharmaceuticals Ltd. Mirpur.,Dialon 3,Glimepiride 3,Sulfonylurea
83,"Eskayef Pharmaceuticals Ltd., Tongi,Gazipur",Dialon 1,Glimepiride 1,Sulfonylurea
84,"Eskayef Pharmaceuticals Ltd., Tongi,Gazipur",Dialon 2,Glimepiride 2,Sulfonylurea
85,"Eskayef Pharmaceuticals Ltd., Tongi,Gazipur",Dialon 4,Glimepiride 4,Sulfonylurea
86,General Pharmaceuticals Ltd.,Glirid    1,Glimepiride 1,Sulfonylurea
87,General Pharmaceuticals Ltd.,Glirid    2,Glimepiride 2,Sulfonylurea
88,General Pharmaceuticals Ltd.,Glirid    3,Glimepiride 3,Sulfonylurea
89,General Pharmaceuticals Ltd.,Glirid 1,Glimepiride 1,Sulfonylurea
90,Globe Pharmaceuticals Ltd.,Sucorid-2,Glimepiride 2,Sulfonylurea
91,Globe Pharmaceuticals Ltd.,Sucorid-4,Glimepiride 4,Sulfonylurea
92,Globex Pharmaceuticals Ltd.,Amynil    2,Glimepiride 2,Sulfonylurea
93,Globex Pharmaceuticals Ltd.,Amynil    1,Glimepiride 1,Sulfonylurea
94,Healthcare Pharmaceuticals Ltd.,Glemep    1,Glimepiride 1,Sulfonylurea
95,Healthcare Pharmaceuticals Ltd.,Glemep    2,Glimepiride 2,Sulfonylurea
96,Healthcare Pharmaceuticals Ltd.,Glemep 1,Glimepiride 1,Sulfonylurea
97,Incepta Pharmaceuticals Ltd.,Losucon    1,Glimepiride 1,Sulfonylurea
98,Incepta Pharmaceuticals Ltd.,Losucon    2,Glimepiride 2,Sulfonylurea
99,Incepta Pharmaceuticals Ltd.,Losucon 3,Glimepiride 3,Sulfonylurea
100,Incepta Pharmaceuticals Ltd.,Losucon 4,Glimepiride 4,Sulfonylurea
101,Julphar Bangladesh Ltd.,Condia 1,Glimepiride 1,Sulfonylurea
102,Julphar Bangladesh Ltd.,Condia 2,Glimepiride 2,Sulfonylurea
103,Julphar Bangladesh Ltd.,Condia 3,Glimepiride 3,Sulfonylurea
104,Julphar Bangladesh Ltd.,Condia 4,Glimepiride 4,Sulfonylurea
105,Kemiko Pharmaceuticals Ltd.,Limep    1,Glimepiride 1,Sulfonylurea
106,Kemiko Pharmaceuticals Ltd.,Limep    2,Glimepiride 2,Sulfonylurea
107,Monicopharma Limited,Gifon-1,Glimepiride 1,Sulfonylurea
108,Monicopharma Limited,Gifon 2,Glimepiride 2,Sulfonylurea
109,Navana Pharmaceuticals Ltd.,Senride 1,Glimepiride 1,Sulfonylurea
110,Navana Pharmaceuticals Ltd.,Senride 2,Glimepiride 2,Sulfonylurea
111,Navana Pharmaceuticals Ltd.,Senride 3,Glimepiride 3,Sulfonylurea
112,Opsonin Pharma Limited,Glims    3,Glimepiride 3,Sulfonylurea
113,Opsonin Pharma Limited,Glims    4,Glimepiride 4,Sulfonylurea
114,Opsonin Pharma Limited,Glims    1,Glimepiride 1,Sulfonylurea
115,Opsonin Pharma Limited,Glims    2,Glimepiride 2,Sulfonylurea
116,Orion Pharma Ltd.,Stimulin    2,Glimepiride 2,Sulfonylurea
117,Orion Pharma Ltd.,Stimulin    4,Glimepiride 4,Sulfonylurea
118,Orion Pharma Ltd.,Stimulin    1,Glimepiride 1,Sulfonylurea
119,Pacific Pharmaceuticals Ltd.,Dieta    1,Glimepiride 1,Sulfonylurea
120,Pacific Pharmaceuticals Ltd.,Dieta    4,Glimepiride 4,Sulfonylurea
121,Pacific Pharmaceuticals Ltd.,Dieta    2,Glimepiride 2,Sulfonylurea
122,Pacific Pharmaceuticals Ltd.,Dieta 3,Glimepiride 3,Sulfonylurea
123,Popular Pharmaceuticals Ltd.,Limaryl    2,Glimepiride 2,Sulfonylurea
124,Popular Pharmaceuticals Ltd.,Limaryl    1,Glimepiride 1,Sulfonylurea
125,Popular Pharmaceuticals Ltd.,Limaryl    3,Glimepiride 3,Sulfonylurea
126,Popular Pharmaceuticals Ltd.,Limaryl    4,Glimepiride 4,Sulfonylurea
127,Renata Limited,Mepid    2,Glimepiride 2,Sulfonylurea
128,Renata Limited,Mepid    4,Glimepiride 4,Sulfonylurea
129,Renata Limited,Mepid    1,Glimepiride 1,Sulfonylurea
130,Sanofi Bangladesh Ltd.,Amaryl    1,Glimepiride 1,Sulfonylurea
131,Sanofi Bangladesh Ltd.,Amaryl    3,Glimepiride 3,Sulfonylurea
132,Sanofi Bangladesh Ltd.,Amaryl    4,Glimepiride 4,Sulfonylurea
133,Sanofi Bangladesh Ltd.,Amaryl    2,Glimepiride 2,Sulfonylurea
134,Square Pharmaceuticals Ltd. Gazipur,Secrin    1,Glimepiride 1,Sulfonylurea
135,Square Pharmaceuticals Ltd. Gazipur,Secrin    2,Glimepiride 2,Sulfonylurea
136,Square Pharmaceuticals Ltd. Gazipur,Secrin    3,Glimepiride 3,Sulfonylurea
137,Square Pharmaceuticals Ltd. Gazipur,Secrin    4,Glimepiride 4,Sulfonylurea
138,Square Pharmaceuticals Ltd. Pabna,Secrin    3,Glimepiride 3,Sulfonylurea
139,Square Pharmaceuticals Ltd. Pabna,Secrin    4,Glimepiride 4,Sulfonylurea
140,Square Pharmaceuticals Ltd. Pabna,Secrin    2,Glimepiride 2,Sulfonylurea
141,Square Pharmaceuticals Ltd. Pabna,Secrin    1,Glimepiride 1,Sulfonylurea
142,Sunman-Birdem Pharma Ltd.,SB-Glim 1,Glimepiride 1,Sulfonylurea
143,Sunman-Birdem Pharma Ltd.,SB-Glim 2,Glimepiride 2,Sulfonylurea
144,Sunman-Birdem Pharma Ltd.,SB-Glim 3,Glimepiride 3,Sulfonylurea
145,Sunman-Birdem Pharma Ltd.,SB-Glim 4,Glimepiride 4,Sulfonylurea
146,Supreme Pharmaceuticals Ltd.,Limerid    1,Glimepiride 1,Sulfonylurea
147,Supreme Pharmaceuticals Ltd.,Limerid    2,Glimepiride 2,Sulfonylurea
148,Techno Drugs Ltd.,Glutim    1,Glimepiride 1,Sulfonylurea
149,The ACME Laboratories Ltd.,Dactus    2,Glimepiride 2,Sulfonylurea
150,The ACME Laboratories Ltd.,Dactus    1,Glimepiride 1,Sulfonylurea
151,The ACME Laboratories Ltd.,Dactus 3,Glimepiride 3,Sulfonylurea
152,Unimed Unihealth Manufacturers Ltd.,Adglim    1,Glimepiride 1,Sulfonylurea
153,Unimed Unihealth Manufacturers Ltd.,Adglim    4,Glimepiride 4,Sulfonylurea
154,Unimed Unihealth Manufacturers Ltd.,Adglim    2,Glimepiride 2,Sulfonylurea
155,Unimed Unihealth Manufacturers Ltd.,Adglim    3,Glimepiride 3,Sulfonylurea
156,Virgo Pharmaceuticals Ltd.,Diavir 1,Glimepiride 1,Sulfonylurea
157,Virgo Pharmaceuticals Ltd.,Diavir 2,Glimepiride 2,Sulfonylurea
158,White Horse Pharma,Pride 3,Glimepiride 3,Sulfonylurea
159,White Horse Pharma,Pride-4,Glimepiride 4,Sulfonylurea
160,Ad-din Pharmaceuticals Ltd.,Sugred 80,Gliclazide 80,Sulfonylurea
161,Advanced Chemical Industries Limited,Lozide    80,Gliclazide 80,Sulfonylurea
162,Advanced Chemical Industries Limited,Diamicron MR 60 mg,Gliclazide 60 MR,Sulfonylurea
163,Advanced Chemical Industries Limited,Diamicron MR 30 mg,Gliclazide 30 MR,Sulfonylurea
164,Albion Laboratories Ltd.,Glirol-80,Gliclazide 80,Sulfonylurea
165,Alco Pharma Limited,Diaprid    80,Gliclazide 80,Sulfonylurea
166,Amico Laboratories Ltd.,Licazide    80,Gliclazide 80,Sulfonylurea
167,APC Pharma Limited,Prozide,Gliclazide 80,Sulfonylurea
168,Apex Pharma Ltd.,Diacon    80,Gliclazide 80,Sulfonylurea
169,Aristopharma Limited,Glucozid    80,Gliclazide 80,Sulfonylurea
170,Asiatic Laboratories Ltd.,Gle    80,Gliclazide 80,Sulfonylurea
171,Astra Biopharmaceuticals Ltd.,Claz 80,Gliclazide 80,Sulfonylurea
172,Benham Pharmaceuticals Ltd.,Diglic 80,Gliclazide 80,Sulfonylurea
173,Beximco Pharmaceuticals Ltd.,Diapro    80,Gliclazide 80,Sulfonylurea
174,Beximco Pharmaceuticals Ltd.,Diapro 30 MR,Gliclazide 30 MR,Sulfonylurea
175,Beximco Pharmaceuticals Ltd.,Diapro 60 MR,Gliclazide 60 MR,Sulfonylurea
176,Biopharma Ltd.,Glucostat    80,Gliclazide 80,Sulfonylurea
177,Central Pharmaceutical Ltd.,GL-80,Gliclazide 80,Sulfonylurea
178,Cipla Ltd.,Diapril    80,Gliclazide 80,Sulfonylurea
179,Concord Pharmaceuticals Ltd.,Gliben,Gliclazide 80,Sulfonylurea
180,Cosmic Pharma Ltd.,Diabid    80,Gliclazide 80,Sulfonylurea
181,Cosmo Pharma Laboratories Ltd.,Sucranil    80,Gliclazide 80,Sulfonylurea
182,Crystal Pharmaceuticals Ltd.,Gizid,Gliclazide 80,Sulfonylurea
183,Delta Pharma Limited,Xido    80,Gliclazide 80,Sulfonylurea
184,Desh Pharmaceuticals Ltd.,Sulfozide 80,Gliclazide 80,Sulfonylurea
185,Doctor Tims Pharmaceuticals Ltd.,Glucocare,Gliclazide 80,Sulfonylurea
186,Doctor's Chemicals Works Ltd.,Delazide 80,Gliclazide 80,Sulfonylurea
187,Drug International Ltd.,Dimerol    80,Gliclazide 80,Sulfonylurea
188,Drug International Ltd.,Dimerol  30 MR,Gliclazide 30 MR,Sulfonylurea
189,Drug International Ltd.,Dimerol 60,Gliclazide 60 MR,Sulfonylurea
190,EDCL (Dhaka),Gliclazide 80,Gliclazide 80,Sulfonylurea
191,Edruc Ltd.,Ezide    80,Gliclazide 80,Sulfonylurea
192,"Eskayef Pharmaceuticals Ltd., Tongi,Gazipur",Gliclazide 80,Gliclazide 80,Sulfonylurea
193,"Eskayef Pharmaceuticals Ltd., Tongi,Gazipur",Glikazid 60 MR,Gliclazide 60 MR,Sulfonylurea
194,Ethical Drug Ltd.,Dimes    80,Gliclazide 80,Sulfonylurea
195,Euro Pharma Ltd.,Eucron 80,Gliclazide 80,Sulfonylurea
196,General Pharmaceuticals Ltd.,Gored  60 MR,Gliclazide 60 MR,Sulfonylurea
197,General Pharmaceuticals Ltd.,Gored    80,Gliclazide 80,Sulfonylurea
198,Globe Pharmaceuticals Ltd.,Sucotab    80,Gliclazide 80,Sulfonylurea
199,Gonoshasthaya Pharmaceuticals Ltd.,G-Gliclazide,Gliclazide 80,Sulfonylurea
200,Hudson Pharmaceuticals Ltd.,Glitab    80,Gliclazide 80,Sulfonylurea
201,Ibn Sina Pharmaceutical Ind. Ltd.,Sina Zid    80,Gliclazide 80,Sulfonylurea
202,Incepta Pharmaceuticals Ltd.,Consucon 80,Gliclazide 80,Sulfonylurea
203,Incepta Pharmaceuticals Ltd.,Consucon 30 MR,Gliclazide 30 MR,Sulfonylurea
204,Incepta Pharmaceuticals Ltd.,Consucon 60 MR,Gliclazide 60 MR,Sulfonylurea
205,Julphar Bangladesh Ltd.,Sucleer 80,Gliclazide 80,Sulfonylurea
206,Julphar Bangladesh Ltd.,Sucleer 30 MR,Gliclazide 30 MR,Sulfonylurea
207,Kemiko Pharmaceuticals Ltd.,Kezid    80,Gliclazide 80,Sulfonylurea
208,Kemiko Pharmaceuticals Ltd.,Kezid  MR,Gliclazide 30 MR,Sulfonylurea
209,Kumudini Pharma Ltd.,Datril    80,Gliclazide 80,Sulfonylurea
210,Leon Pharmaceuticals Ltd.,Onzid Modified Release Tablet,Gliclazide 30 MR,Sulfonylurea
211,Marksman Pharmaceutical Ltd.,Orlazid    80,Gliclazide 80,Sulfonylurea
212,Medicon Pharmaceuticals Ltd.,Gide    80,Gliclazide 80,Sulfonylurea
213,Millat Pharmaceuticals Ltd.,Diacon    80,Gliclazide 80,Sulfonylurea
214,Modern Pharmaceuticals Ltd.,Glica    80,Gliclazide 80,Sulfonylurea
215,Monicopharma Limited,Norglic 80,Gliclazide 80,Sulfonylurea
216,National Laboratories Ltd.,Diaglina    80,Gliclazide 80,Sulfonylurea
217,Navana Pharmaceuticals Ltd.,Glix 80,Gliclazide 80,Sulfonylurea
218,Nipa Pharmaceuticals Ltd.,Digreen    80,Gliclazide 80,Sulfonylurea
219,NIPRO JMI Pharma Limited,Diazid 80,Gliclazide 80,Sulfonylurea
220,Novartis  (Bangladesh) Ltd.,Glad    80,Gliclazide 80,Sulfonylurea
221,Novo Healthcare and Pharma Ltd.,Sugazide 80,Gliclazide 80,Sulfonylurea
222,Novo Healthcare and Pharma Ltd.,Sugazide 30 XR,Gliclazide 30 MR,Sulfonylurea
223,Novo Healthcare and Pharma Ltd.,Sugazide 60 XR,Gliclazide 60 MR,Sulfonylurea
224,Novus Pharmaceuticals Ltd.,Diabetin    80,Gliclazide 80,Sulfonylurea
225,One Pharma Ltd.,Realzid-80,Gliclazide 80,Sulfonylurea
226,Opsonin Pharma Limited,Glizid    80,Gliclazide 80,Sulfonylurea
227,Opsonin Pharma Limited,Glizid 60 MR,Gliclazide 60 MR,Sulfonylurea
228,Opsonin Pharma Limited,Glizid MR 60 mg,Gliclazide 60 MR,Sulfonylurea
229,Orbit Pharmaceuticals Ltd.,Orgic    80,Gliclazide 80,Sulfonylurea
230,Organic Health Care,Glagin    80,Gliclazide 80,Sulfonylurea
231,Orion Pharma Ltd.,Oclazid    80,Gliclazide 80,Sulfonylurea
232,Oyster Pharmaceuticals Ltd.,Iclazid 80,Gliclazide 80,Sulfonylurea
233,Pacific Pharmaceuticals Ltd.,Diatrol    80,Gliclazide 80,Sulfonylurea
234,Pacific Pharmaceuticals Ltd.,Diatrol  MR 30,Gliclazide 30 MR,Sulfonylurea
235,Pacific Pharmaceuticals Ltd.,Diatrol MR 60,Gliclazide 60 MR,Sulfonylurea
236,Pharmadesh Laboratories Ltd.,Zide    80,Gliclazide 80,Sulfonylurea
237,Popular Pharmaceuticals Ltd.,Gluzit    80,Gliclazide 80,Sulfonylurea
238,Premier Pharmaceuticals,Lazide    80,Gliclazide 80,Sulfonylurea
239,Prime Pharmaceuticals Ltd.,Dialex 80,Gliclazide 80,Sulfonylurea
240,Radiant Pharmaceuticals Ltd.,Radizid XR 30 mg,Gliclazide 30 MR,Sulfonylurea
241,Radiant Pharmaceuticals Ltd.,Radizid 80 mg,Gliclazide 80,Sulfonylurea
242,Reliance Pharmaceuticals Ltd.,Elimerol    80,Gliclazide 80,Sulfonylurea
243,Renata Limited,Glicron    80,Gliclazide 80,Sulfonylurea
244,Renata Limited,Glicron  60 CR,Gliclazide 60 MR,Sulfonylurea
245,Rephco Pharmaceuticals Ltd.,Diab 80,Gliclazide 80,Sulfonylurea
246,Sharif Pharmaceuticals Ltd.,Glitz 80,Gliclazide 80,Sulfonylurea
247,Silco Pharmaceuticlas Ltd.,Samprid    80,Gliclazide 80,Sulfonylurea
248,Silva Pharmaceuticals Ltd.,Glicasil    80,Gliclazide 80,Sulfonylurea
249,Somatec Pharmaceuticals Ltd.,Orazid    80,Gliclazide 80,Sulfonylurea
250,Square Formulations Ltd.,Comprid XR 30,Gliclazide 30 MR,Sulfonylurea
251,Square Pharmaceuticals Ltd. Pabna,Comprid    80,Gliclazide 80,Sulfonylurea
252,Square Pharmaceuticals Ltd. Pabna,Comprid  XR  30,Gliclazide 30 MR,Sulfonylurea
253,Square Pharmaceuticals Ltd. Pabna,Comprid XR 60,Gliclazide 60 MR,Sulfonylurea
254,Sunman-Birdem Pharma Ltd.,SB-Glic XR 30,Gliclazide 30 MR,Sulfonylurea
255,Sunman-Birdem Pharma Ltd.,SB-Glic XR 60,Gliclazide 60 MR,Sulfonylurea
256,Sunman-Birdem Pharma Ltd.,SB-Glic 80,Gliclazide 80,Sulfonylurea
257,Supreme Pharmaceuticals Ltd.,Proglid    80,Gliclazide 80,Sulfonylurea
258,Techno Drugs Ltd.,Glazide 80,Gliclazide 80,Sulfonylurea
259,The ACME Laboratories Ltd.,Gliclid    80,Gliclazide 80,Sulfonylurea
260,The ACME Laboratories Ltd.,Gliclid 30 MR,Gliclazide 30 MR,Sulfonylurea
261,Unimed Unihealth Manufacturers Ltd.,Admira  30 MR,Gliclazide 30 MR,Sulfonylurea
262,Unimed Unihealth Manufacturers Ltd.,Admira    80,Gliclazide 80,Sulfonylurea
263,Union Pharmaceuticals Ltd.,Uzide    80,Gliclazide 80,Sulfonylurea
264,United Chemicals & Pharmaceuticals Ltd.,Gleek    80,Gliclazide 80,Sulfonylurea
265,Veritas Pharmaceuticals Ltd.,Glucoact 80,Gliclazide 80,Sulfonylurea
266,Virgo Pharmaceuticals Ltd.,Glivir 80,Gliclazide 80,Sulfonylurea
267,White Horse Pharma,Glimicron    80,Gliclazide 80,Sulfonylurea
268,White Horse Pharma,Glimicron MR 30,Gliclazide 30 MR,Sulfonylurea
269,White Horse Pharma,Glimicron MR 60,Gliclazide 60 MR,Sulfonylurea
270,Zenith Pharmaceuticals Ltd.,Zenzide    80,Gliclazide 80,Sulfonylurea
271,Incepta Pharmaceuticals Ltd.,Duocon SR 1/500,Glimepiride + Metformin Hydrochloride,Sulfonyurea+Metformin
272,Pacific Pharmaceuticals Ltd.,Dieta M 1,Glimepiride + Metformin Hydrochloride,Sulfonyurea+Metformin
273,Sun Pharmaceutical (Bangladesh) Ltd.,Gemer 1,Glimepiride + Metformin Hydrochloride,Sulfonyurea+Metformin
274,Apex Pharma Ltd.,Glumin   PLUS 5/500,Glipizide + Metformin Hydrochloride,Sulfonylurea+Metformin
275,Beximco Pharmaceuticals Ltd.,Combimet    2.5/250,Glipizide + Metformin Hydrochloride,Sulfonylurea+Metformin
276,Beximco Pharmaceuticals Ltd.,Combimet   PLUS 2.5/500,Glipizide + Metformin Hydrochloride,Sulfonylurea+Metformin
277,Beximco Pharmaceuticals Ltd.,Combimet  DS  5/500,Glipizide + Metformin Hydrochloride,Sulfonylurea+Metformin
278,Healthcare Pharmaceuticals Ltd.,Glymin   PLUS 2.5/500,Glipizide + Metformin Hydrochloride,Sulfonylurea+Metformin
279,Incepta Pharmaceuticals Ltd.,Mefoglip    2.5/250,Glipizide + Metformin Hydrochloride,Sulfonylurea+Metformin
280,Incepta Pharmaceuticals Ltd.,Mefoglip    2.5/500,Glipizide + Metformin Hydrochloride,Sulfonylurea+Metformin
281,Incepta Pharmaceuticals Ltd.,Mefoglip  DS  5/500,Glipizide + Metformin Hydrochloride,Sulfonylurea+Metformin
282,Kemiko Pharmaceuticals Ltd.,Pizide DS,Glipizide + Metformin Hydrochloride,Sulfonylurea+Metformin
283,Kemiko Pharmaceuticals Ltd.,Pizide-X,Glipizide + Metformin Hydrochloride,Sulfonylurea+Metformin
284,Kemiko Pharmaceuticals Ltd.,Pizide Plus,Glipizide + Metformin Hydrochloride,Sulfonylurea+Metformin
285,Orion Pharma Ltd.,Metfozid    2.5/250,Glipizide + Metformin Hydrochloride,Sulfonylurea+Metformin
286,Orion Pharma Ltd.,Metfozid  DS  5/500,Glipizide + Metformin Hydrochloride,Sulfonylurea+Metformin
287,Orion Pharma Ltd.,Metfozid   PLUS 2.5/500,Glipizide + Metformin Hydrochloride,Sulfonylurea+Metformin
288,Pacific Pharmaceuticals Ltd.,Metglip    2.5/250,Glipizide + Metformin Hydrochloride,Sulfonylurea+Metformin
289,Pacific Pharmaceuticals Ltd.,Metglip    2.5/500,Glipizide + Metformin Hydrochloride,Sulfonylurea+Metformin
290,Pacific Pharmaceuticals Ltd.,Metglip  DS  5/500,Glipizide + Metformin Hydrochloride,Sulfonylurea+Metformin
291,Popular Pharmaceuticals Ltd.,Metazid    2.5/500,Glipizide + Metformin Hydrochloride,Sulfonylurea+Metformin
292,White Horse Pharma,Ticozid Plus,Glipizide + Metformin Hydrochloride,Sulfonylurea+Metformin
293,Aristopharma Limited,Actine    5,Glipizide 5 mg,Sulfonylurea
294,Beximco Pharmaceuticals Ltd.,Diactin    5,Glipizide 5 mg,Sulfonylurea
295,Doctor Tims Pharmaceuticals Ltd.,Gipix 5,Glipizide 5 mg,Sulfonylurea
296,Drug International Ltd.,Glimerol    5,Glipizide 5 mg,Sulfonylurea
297,Healthcare Pharmaceuticals Ltd.,Turbozide 5,Glipizide 5 mg,Sulfonylurea
298,Kemiko Pharmaceuticals Ltd.,Pizide    5,Glipizide 5 mg,Sulfonylurea
299,Medimet Pharmaceuticals Ltd.,Diapizi    5,Glipizide 5 mg,Sulfonylurea
300,Medimet Pharmaceuticals Ltd.,Diapizi    2.5,Glipizide 2.5 mg,Sulfonylurea
301,Pacific Pharmaceuticals Ltd.,Diaplus    5,Glipizide 5 mg,Sulfonylurea
302,Pacific Pharmaceuticals Ltd.,Diaplus XR 10,Glipizide XR 10 mg,Sulfonylurea
303,Square Pharmaceuticals Ltd. Pabna,Zitrol  XR  10,Glipizide XR 10 mg,Sulfonylurea
304,Square Pharmaceuticals Ltd. Pabna,Zitrol  XR  5,Glipizide 5 mg,Sulfonylurea
305,Square Pharmaceuticals Ltd. Pabna,Zitrol  XR  2.5,Glipizide 2.5 mg,Sulfonylurea
306,White Horse Pharma,Ticozid 5,Glipizide 5 mg,Sulfonylurea
307,Advanced Chemical Industries Limited,Glitin,Linagliptin 5,DPP-4 inhibitor
308,Aristopharma Limited,Linaglip,Linagliptin 5,DPP-4 inhibitor
309,Beximco Pharmaceuticals Ltd.,Traneta,Linagliptin 5,DPP-4 inhibitor
310,Biopharma Ltd.,Dialina-5,Linagliptin 5,DPP-4 inhibitor
311,Delta Pharma Limited,Linatin,Linagliptin 5,DPP-4 inhibitor
312,Desh Pharmaceuticals Ltd.,D-Lina 5,Linagliptin 5,DPP-4 inhibitor
313,Drug International Ltd.,Linarol,Linagliptin 5,DPP-4 inhibitor
314,"Eskayef Pharmaceuticals Ltd., Tongi,Gazipur",Ligatin,Linagliptin 5,DPP-4 inhibitor
315,General Pharmaceuticals Ltd.,Linaptin 5,Linagliptin 5,DPP-4 inhibitor
316,Healthcare Pharmaceuticals Ltd.,Isentin Tablet 5 mg,Linagliptin 5,DPP-4 inhibitor
317,Ibn Sina Pharmaceutical Ind. Ltd.,Linax,Linagliptin 5,DPP-4 inhibitor
318,Incepta Pharmaceuticals Ltd.,Linatab,Linagliptin 5,DPP-4 inhibitor
319,Julphar Bangladesh Ltd.,Julina,Linagliptin 5,DPP-4 inhibitor
320,Kemiko Pharmaceuticals Ltd.,Lintin,Linagliptin 5,DPP-4 inhibitor
321,Medicon Pharmaceuticals Ltd.,Linago,Linagliptin 5,DPP-4 inhibitor
322,Navana Pharmaceuticals Ltd.,Diplin,Linagliptin 5,DPP-4 inhibitor
323,NIPRO JMI Pharma Limited,Lijenta 5,Linagliptin 5,DPP-4 inhibitor
324,Opsonin Pharma Limited,Linadus 5 mg,Linagliptin 5,DPP-4 inhibitor
325,Orion Pharma Ltd.,Linastar 5,Linagliptin 5,DPP-4 inhibitor
326,Pacific Pharmaceuticals Ltd.,Linadi,Linagliptin 5,DPP-4 inhibitor
327,Pharmasia Ltd.,Linaxitin,Linagliptin 5,DPP-4 inhibitor
328,Popular Pharmaceuticals Ltd.,Linajen,Linagliptin 5,DPP-4 inhibitor
329,Renata Limited,Glinta,Linagliptin 5,DPP-4 inhibitor
330,Renata Limited,Glinta,Linagliptin 5,DPP-4 inhibitor
331,Square Pharmaceuticals Ltd. Pabna,Linita,Linagliptin 5,DPP-4 inhibitor
332,Sunman-Birdem Pharma Ltd.,SB-Lina 5,Linagliptin 5,DPP-4 inhibitor
333,The ACME Laboratories Ltd.,Lino,Linagliptin 5,DPP-4 inhibitor
334,Unimed Unihealth Manufacturers Ltd.,Adlina,Linagliptin 5,DPP-4 inhibitor
335,White Horse Pharma,Linalit,Linagliptin 5,DPP-4 inhibitor
336,Aristopharma Limited,Linaglip Plus 500,Linagliptin 2.5 + Metformin Hydrochloride 500,DPP-4 inibitor+Metformin
337,Aristopharma Limited,Linaglip Plus 850,Linagliptin 2.5 + Metformin Hydrochloride 850,DPP-4 inibitor+Metformin
338,Aristopharma Limited,Linaglip-M,Linagliptin 2.5 + Metformin Hydrochloride 1000,DPP-4 inibitor+Metformin
339,Beximco Pharmaceuticals Ltd.,Traneta M 2.5/500,Linagliptin 2.5 + Metformin Hydrochloride 500,DPP-4 inibitor+Metformin
340,Beximco Pharmaceuticals Ltd.,Traneta M 2.5/850,Linagliptin 2.5 + Metformin Hydrochloride 850,DPP-4 inibitor+Metformin
341,Beximco Pharmaceuticals Ltd.,Traneta M 2.5/1000,Linagliptin 2.5 + Metformin Hydrochloride 1000,DPP-4 inibitor+Metformin
342,Delta Pharma Limited,Linatin M 500,Linagliptin 2.5 + Metformin Hydrochloride 500,DPP-4 inibitor+Metformin
343,Delta Pharma Limited,Linatin M 1000,Linagliptin 2.5 + Metformin Hydrochloride 1000,DPP-4 inibitor+Metformin
344,Delta Pharma Limited,Linatin M 850,Linagliptin 2.5 + Metformin Hydrochloride 850,DPP-4 inibitor+Metformin
345,Drug International Ltd.,Linarol-M 500,Linagliptin 2.5 + Metformin Hydrochloride 500,DPP-4 inibitor+Metformin
346,Drug International Ltd.,Linarol-M 850,Linagliptin 2.5 + Metformin Hydrochloride 850,DPP-4 inibitor+Metformin
347,Drug International Ltd.,Linarol-M 1000,Linagliptin 2.5 + Metformin Hydrochloride 1000,DPP-4 inibitor+Metformin
348,"Eskayef Pharmaceuticals Ltd., Tongi,Gazipur",Ligazid M 2.5/500,Linagliptin 2.5 + Metformin Hydrochloride 500,DPP-4 inibitor+Metformin
349,"Eskayef Pharmaceuticals Ltd., Tongi,Gazipur",Ligazid M 2.5/850,Linagliptin 2.5 + Metformin Hydrochloride 850,DPP-4 inibitor+Metformin
350,"Eskayef Pharmaceuticals Ltd., Tongi,Gazipur",Ligazid M 2.5/1000,Linagliptin 2.5 + Metformin Hydrochloride 1000,DPP-4 inibitor+Metformin
351,General Pharmaceuticals Ltd.,Linaptin M 500,Linagliptin 2.5 + Metformin Hydrochloride 500,DPP-4 inibitor+Metformin
352,General Pharmaceuticals Ltd.,Linaptin M 850,Linagliptin 2.5 + Metformin Hydrochloride 850,DPP-4 inibitor+Metformin
353,Ibn Sina Pharmaceutical Ind. Ltd.,Linax Plus 2.5/500,Linagliptin 2.5 + Metformin Hydrochloride 500,DPP-4 inibitor+Metformin
354,Ibn Sina Pharmaceutical Ind. Ltd.,Linax Plus,Linagliptin 2.5 + Metformin Hydrochloride 500,DPP-4 inibitor+Metformin
355,Ibn Sina Pharmaceutical Ind. Ltd.,Linax Plus 2.5/1000,Linagliptin 2.5 + Metformin Hydrochloride 1000,DPP-4 inibitor+Metformin
356,Incepta Pharmaceuticals Ltd.,Linatab M 2.5/500,Linagliptin 2.5 + Metformin Hydrochloride 500,DPP-4 inibitor+Metformin
357,Incepta Pharmaceuticals Ltd.,Linatab M 2.5/850,Linagliptin 2.5 + Metformin Hydrochloride 850,DPP-4 inibitor+Metformin
358,Incepta Pharmaceuticals Ltd.,Linatab M 2.5/1000,Linagliptin 2.5 + Metformin Hydrochloride 1000,DPP-4 inibitor+Metformin
359,Incepta Pharmaceuticals Ltd.,Linatab M 2.5/1000 ER,Linagliptin 2.5 + Metformin Hydrochloride 1000,DPP-4 inibitor+Metformin
360,Incepta Pharmaceuticals Ltd.,Linatab M5/1000 ER,Linagliptin 5 + Metformin Hydrochloride 1000,DPP-4 inibitor+Metformin
361,NIPRO JMI Pharma Limited,Lijenta-M 500,Linagliptin 2.5 + Metformin Hydrochloride 500,DPP-4 inibitor+Metformin
362,NIPRO JMI Pharma Limited,Lijenta-M 850,Linagliptin 2.5 + Metformin Hydrochloride 850,DPP-4 inibitor+Metformin
363,NIPRO JMI Pharma Limited,Lijenta-M 1000,Linagliptin 2.5 + Metformin Hydrochloride 1000,DPP-4 inibitor+Metformin
364,Pacific Pharmaceuticals Ltd.,Linadi Plus 850,Linagliptin 2.5 + Metformin Hydrochloride 850,DPP-4 inibitor+Metformin
365,Pacific Pharmaceuticals Ltd.,Linadi Plus 1000,Linagliptin 2.5 + Metformin Hydrochloride 1000,DPP-4 inibitor+Metformin
366,Pacific Pharmaceuticals Ltd.,Linadi Plus 500,Linagliptin 2.5 + Metformin Hydrochloride 500,DPP-4 inibitor+Metformin
367,Popular Pharmaceuticals Ltd.,Linamet 2.5/850,Linagliptin 2.5 + Metformin Hydrochloride 850,DPP-4 inibitor+Metformin
368,Popular Pharmaceuticals Ltd.,Linamet 2.5/500,Linagliptin 2.5 + Metformin Hydrochloride 500,DPP-4 inibitor+Metformin
369,Popular Pharmaceuticals Ltd.,Linamet 2.5/1000 Tablet,Linagliptin 2.5 + Metformin Hydrochloride 1000,DPP-4 inibitor+Metformin
370,Square Pharmaceuticals Ltd. Pabna,Liglimet 2.5/500,Linagliptin 2.5 + Metformin Hydrochloride 500,DPP-4 inibitor+Metformin
371,Square Pharmaceuticals Ltd. Pabna,Liglimet 2.5/850,Linagliptin 2.5 + Metformin Hydrochloride 850,DPP-4 inibitor+Metformin
372,Sunman-Birdem Pharma Ltd.,SB-Metlina 500/2.5,Linagliptin 2.5 + Metformin Hydrochloride 500,DPP-4 inibitor+Metformin
373,Sunman-Birdem Pharma Ltd.,SB-Metlina 1000/2.5,Linagliptin 2.5 + Metformin Hydrochloride 1000,DPP-4 inibitor+Metformin
374,Sunman-Birdem Pharma Ltd.,SB-Metlina 850/2.5,Linagliptin 2.5 + Metformin Hydrochloride 850,DPP-4 inibitor+Metformin
375,The ACME Laboratories Ltd.,Lino-M 500,Linagliptin 2.5 + Metformin Hydrochloride 500,DPP-4 inibitor+Metformin
376,The ACME Laboratories Ltd.,Lino-M 850,Linagliptin 2.5 + Metformin Hydrochloride 850,DPP-4 inibitor+Metformin
377,Unimed Unihealth Manufacturers Ltd.,Adlinameg 2.5/500,Linagliptin 2.5 + Metformin Hydrochloride 500,DPP-4 inibitor+Metformin
378,Unimed Unihealth Manufacturers Ltd.,Adlinameg 2.5/850,Linagliptin 2.5 + Metformin Hydrochloride 850,DPP-4 inibitor+Metformin
379,White Horse Pharma,LINALIT M 2.5/500,Linagliptin 2.5 + Metformin Hydrochloride 500,DPP-4 inibitor+Metformin
380,White Horse Pharma,LINALIT M 2.5/850,Linagliptin 2.5 + Metformin Hydrochloride 850,DPP-4 inibitor+Metformin
381,Ad-din Pharmaceuticals Ltd.,Guamin,Metformin Hydrochloride 500,Metformin
382,Ad-din Pharmaceuticals Ltd.,D-Met 500,Metformin Hydrochloride 500,Metformin
383,Advanced Chemical Industries Limited,Metform    850,Metformin Hydrochloride 850,Metformin
384,Advanced Chemical Industries Limited,Metform    500,Metformin Hydrochloride 500,Metformin
385,Advanced Chemical Industries Limited,Metform  ER  1 gm,Metformin Hydrochloride 1000,Metformin
386,Advanced Chemical Industries Limited,Metform 500,Metformin Hydrochloride 500,Metformin
387,Albion Laboratories Ltd.,M-Fort 500,Metformin Hydrochloride 500,Metformin
388,Albion Laboratories Ltd.,M-Fort 850,Metformin Hydrochloride 850,Metformin
389,Albion Laboratories Ltd.,M-Fort XR 500,Metformin Hydrochloride 500 XR,Metformin
390,Alco Pharma Limited,Metmin    850,Metformin Hydrochloride 850,Metformin
391,Alco Pharma Limited,Metmin XR 500,Metformin Hydrochloride 500 XR,Metformin
392,Amico Laboratories Ltd.,Ruzmet 500,Metformin Hydrochloride 500,Metformin
393,APC Pharma Limited,Metofin 500,Metformin Hydrochloride 500,Metformin
394,Apex Pharma Ltd.,Preform    850,Metformin Hydrochloride 850,Metformin
395,Apex Pharma Ltd.,Metle Tab 500,Metformin Hydrochloride 500,Metformin
396,Apex Pharma Ltd.,Preform 500,Metformin Hydrochloride 500,Metformin
397,Apex Pharma Ltd.,Metle 500,Metformin Hydrochloride 500,Metformin
398,Aristopharma Limited,Glucomet    850,Metformin Hydrochloride 850,Metformin
399,Aristopharma Limited,Glucomet  XR  500,Metformin Hydrochloride 500 XR,Metformin
400,Aristopharma Limited,Glucomet    500,Metformin Hydrochloride 500,Metformin
401,Aristopharma Limited,Glucomet  XR  750,Metformin Hydrochloride 750 XR,Metformin
402,Asiatic Laboratories Ltd.,Diout    850,Metformin Hydrochloride 850,Metformin
403,Astra Biopharmaceuticals Ltd.,Metfomin 500,Metformin Hydrochloride 500,Metformin
404,Astra Biopharmaceuticals Ltd.,Metfomin 850,Metformin Hydrochloride 850,Metformin
405,Benham Pharmaceuticals Ltd.,Benformin    850,Metformin Hydrochloride 850,Metformin
406,Benham Pharmaceuticals Ltd.,Benformin 500,Metformin Hydrochloride 500,Metformin
407,Beximco Pharmaceuticals Ltd.,Informet    500,Metformin Hydrochloride 500,Metformin
408,Beximco Pharmaceuticals Ltd.,Informet    850,Metformin Hydrochloride 850,Metformin
409,Beximco Pharmaceuticals Ltd.,Informet  LA  500,Metformin Hydrochloride 500,Metformin
410,Beximco Pharmaceuticals Ltd.,Informet LA 750,Metformin Hydrochloride 750 XR,Metformin
411,Beximco Pharmaceuticals Ltd.,Informet LA 1000,Metformin Hydrochloride 1000 XR,Metformin
412,Biopharma Ltd.,Formet    500,Metformin Hydrochloride 500,Metformin
413,Biopharma Ltd.,Formet    850,Metformin Hydrochloride 850,Metformin
414,Biopharma Ltd.,Formet XR 500,Metformin Hydrochloride 500 XR,Metformin
415,Biopharma Ltd.,Formet 1 gm XR,Metformin Hydrochloride 1000 XR,Metformin
416,Biopharma Ltd.,Formet XR 750,Metformin Hydrochloride 750 XR,Metformin
417,Bristol Pharma Ltd.,Info-500    500,Metformin Hydrochloride 500,Metformin
418,Bristol Pharma Ltd.,Info-850    850,Metformin Hydrochloride 850,Metformin
419,Centeon Pharma Limited,Centomin 500,Metformin Hydrochloride 500,Metformin
420,Centeon Pharma Limited,Centomin 850,Metformin Hydrochloride 850,Metformin
421,Central Pharmaceutical Ltd.,M-Form,Metformin Hydrochloride 500,Metformin
422,Concord Pharmaceuticals Ltd.,Polimet 850,Metformin Hydrochloride 850,Metformin
423,Concord Pharmaceuticals Ltd.,Polimet 500,Metformin Hydrochloride 500,Metformin
424,Cosmic Pharma Ltd.,Glucil,Metformin Hydrochloride 500,Metformin
425,Crystal Pharmaceuticals Ltd.,Metcin,Metformin Hydrochloride 500,Metformin
426,Decent Pharma Laboratories Ltd.,D-Fo    850,Metformin Hydrochloride 850,Metformin
427,Delta Pharma Limited,Obid    500,Metformin Hydrochloride 500,Metformin
428,Delta Pharma Limited,Obid    850,Metformin Hydrochloride 850,Metformin
429,Desh Pharmaceuticals Ltd.,Metcure 500,Metformin Hydrochloride 500,Metformin
430,Desh Pharmaceuticals Ltd.,Metcure 850,Metformin Hydrochloride 850,Metformin
431,Doctor Tims Pharmaceuticals Ltd.,DMF 500,Metformin Hydrochloride 500,Metformin
432,Doctor Tims Pharmaceuticals Ltd.,DMF 850,Metformin Hydrochloride 850,Metformin
433,Doctor's Chemicals Works Ltd.,Metfen    500,Metformin Hydrochloride 500,Metformin
434,Doctor's Chemicals Works Ltd.,Metfen    850,Metformin Hydrochloride 850,Metformin
435,Drug International Ltd.,Oramet  SR  500,Metformin Hydrochloride 500 XR,Metformin
436,Drug International Ltd.,Oramet    500,Metformin Hydrochloride 500,Metformin
437,Drug International Ltd.,Oramet SR 1 gm,Metformin Hydrochloride 1000 XR,Metformin
438,Edruc Ltd.,G Phase    850,Metformin Hydrochloride 850,Metformin
439,Edruc Ltd.,G-Phase 500,Metformin Hydrochloride 500,Metformin
440,Eskayef Pharmaceuticals Ltd. Mirpur.,Glunor    500,Metformin Hydrochloride 500,Metformin
441,Eskayef Pharmaceuticals Ltd. Mirpur.,Glunor    850,Metformin Hydrochloride 850,Metformin
442,Eskayef Pharmaceuticals Ltd. Mirpur.,Glunor  XR  500,Metformin Hydrochloride 500 XR,Metformin
443,"Eskayef Pharmaceuticals Ltd., Tongi,Gazipur",Glunor,Metformin Hydrochloride 500,Metformin
444,Ethical Drug Ltd.,Sugacon    850,Metformin Hydrochloride 850,Metformin
445,Ethical Drug Ltd.,Sugacon    500,Metformin Hydrochloride 500,Metformin
446,Euro Pharma Ltd.,Obemet 500,Metformin Hydrochloride 500,Metformin
447,Euro Pharma Ltd.,Obemet 850,Metformin Hydrochloride 850,Metformin
448,G. A. Company Ltd.,Diabex    850,Metformin Hydrochloride 850,Metformin
449,G. A. Company Ltd.,Diabex    500,Metformin Hydrochloride 500,Metformin
450,General Pharmaceuticals Ltd.,Sugamet    850,Metformin Hydrochloride 850,Metformin
451,General Pharmaceuticals Ltd.,Sugamet    500,Metformin Hydrochloride 500,Metformin
452,General Pharmaceuticals Ltd.,Sugamet  SR  500,Metformin Hydrochloride 500 XR,Metformin
453,Globe Pharmaceuticals Ltd.,Sucomet    500,Metformin Hydrochloride 500,Metformin
454,Globe Pharmaceuticals Ltd.,Sucomet    850,Metformin Hydrochloride 850,Metformin
455,Globex Pharmaceuticals Ltd.,Megamet    500,Metformin Hydrochloride 500,Metformin
456,Gonoshasthaya Pharmaceuticals Ltd.,G-Metformin,Metformin Hydrochloride 500,Metformin
457,Gonoshasthaya Pharmaceuticals Ltd.,G-Metformin 850 mg,Metformin Hydrochloride 850,Metformin
458,Guardian Healthcare Ltd.,Metguard,Metformin Hydrochloride 500,Metformin
459,Healthcare Pharmaceuticals Ltd.,Glymin  XR  500,Metformin Hydrochloride 500 XR,Metformin
460,Healthcare Pharmaceuticals Ltd.,Glymin    500,Metformin Hydrochloride 500,Metformin
461,Healthcare Pharmaceuticals Ltd.,Glymin    850,Metformin Hydrochloride 850,Metformin
462,Hudson Pharmaceuticals Ltd.,Hi-Met    850,Metformin Hydrochloride 850,Metformin
463,Ibn Sina Pharmaceutical Ind. Ltd.,Insimet    500,Metformin Hydrochloride 500,Metformin
464,Ibn Sina Pharmaceutical Ind. Ltd.,Insimet    850,Metformin Hydrochloride 850,Metformin
465,Ibn Sina Pharmaceutical Ind. Ltd.,Insimet XR 500,Metformin Hydrochloride 500 XR,Metformin
466,Incepta Pharmaceuticals Ltd.,Nobesit    500,Metformin Hydrochloride 500,Metformin
467,Incepta Pharmaceuticals Ltd.,Nobesit    850,Metformin Hydrochloride 850,Metformin
468,Incepta Pharmaceuticals Ltd.,Nobesit  XR  750,Metformin Hydrochloride 750 XR,Metformin
469,Incepta Pharmaceuticals Ltd.,Nobesit  XR  500,Metformin Hydrochloride 500 XR,Metformin
470,Incepta Pharmaceuticals Ltd.,Nobesit XR 1 gm,Metformin Hydrochloride 1000 XR,Metformin
471,Incepta Pharmaceuticals Ltd. (Dhamrai Unit),Nobesit 500,Metformin Hydrochloride 500,Metformin
472,Incepta Pharmaceuticals Ltd. (Dhamrai Unit),Nobesit 850,Metformin Hydrochloride 850,Metformin
473,Jayson Pharmaceuticals Ltd.,Meforex    500,Metformin Hydrochloride 500,Metformin
474,Jayson Pharmaceuticals Ltd.,Meforex    850,Metformin Hydrochloride 850,Metformin
475,Julphar Bangladesh Ltd.,Meforin 850,Metformin Hydrochloride 850,Metformin
476,Julphar Bangladesh Ltd.,Meforin XR 500,Metformin Hydrochloride 500 XR,Metformin
477,Julphar Bangladesh Ltd.,Meforin 500 mg,Metformin Hydrochloride 500,Metformin
478,Kemiko Pharmaceuticals Ltd.,Kemin    850,Metformin Hydrochloride 850,Metformin
479,Kemiko Pharmaceuticals Ltd.,Kemin    500,Metformin Hydrochloride 500,Metformin
480,Kemiko Pharmaceuticals Ltd.,Kemin  SR  500,Metformin Hydrochloride 500 XR,Metformin
481,Kumudini Pharma Ltd.,Mirinil    850,Metformin Hydrochloride 850,Metformin
482,Kumudini Pharma Ltd.,Bimet 500,Metformin Hydrochloride 500,Metformin
483,Leon Pharmaceuticals Ltd.,Onmet 500,Metformin Hydrochloride 500,Metformin
484,Leon Pharmaceuticals Ltd.,Onmet 850,Metformin Hydrochloride 850,Metformin
485,Marker Pharmaceuticals Ltd.,Samin    500,Metformin Hydrochloride 500,Metformin
486,Marker Pharmaceuticals Ltd.,Samin    850,Metformin Hydrochloride 850,Metformin
487,Medicon Pharmaceuticals Ltd.,Metnil 500,Metformin Hydrochloride 500,Metformin
488,Medicon Pharmaceuticals Ltd.,Metnil 850,Metformin Hydrochloride 850,Metformin
489,Medimet Pharmaceuticals Ltd.,Dia M SR  500,Metformin Hydrochloride 500 XR,Metformin
490,Medimet Pharmaceuticals Ltd.,Dia M   850,Metformin Hydrochloride 850,Metformin
491,Medimet Pharmaceuticals Ltd.,Dia M   500,Metformin Hydrochloride 500,Metformin
492,Millat Pharmaceuticals Ltd.,Glimet    850,Metformin Hydrochloride 850,Metformin
493,Monicopharma Limited,Metnor 500,Metformin Hydrochloride 500,Metformin
494,National Laboratories Ltd.,Himet    500,Metformin Hydrochloride 500,Metformin
495,National Laboratories Ltd.,Himet    850,Metformin Hydrochloride 850,Metformin
496,Navana Pharmaceuticals Ltd.,NV-Met    850,Metformin Hydrochloride 850,Metformin
497,Navana Pharmaceuticals Ltd.,NV-Met    500,Metformin Hydrochloride 500,Metformin
498,Nipa Pharmaceuticals Ltd.,Glunil    850,Metformin Hydrochloride 850,Metformin
499,Nipa Pharmaceuticals Ltd.,Glunil    500,Metformin Hydrochloride 500,Metformin
500,NIPRO JMI Pharma Limited,Glucomin 500,Metformin Hydrochloride 500,Metformin
501,NIPRO JMI Pharma Limited,Glucomin 850,Metformin Hydrochloride 850,Metformin
502,Novartis  (Bangladesh) Ltd.,Etform    850,Metformin Hydrochloride 850,Metformin
503,Novartis  (Bangladesh) Ltd.,Etform    500,Metformin Hydrochloride 500,Metformin
504,Novo Healthcare and Pharma Ltd.,Lowmet 500,Metformin Hydrochloride 500,Metformin
505,Novo Healthcare and Pharma Ltd.,Lowmet 850,Metformin Hydrochloride 850,Metformin
506,Novo Healthcare and Pharma Ltd.,Lowmet 500 XR,Metformin Hydrochloride 500 XR,Metformin
507,One Pharma Ltd.,Wellmet 500,Metformin Hydrochloride 500,Metformin
508,One Pharma Ltd.,Wellmet 850,Metformin Hydrochloride 850,Metformin
509,Opsonin Pharma Limited,Met    500,Metformin Hydrochloride 500,Metformin
510,Opsonin Pharma Limited,Met    850,Metformin Hydrochloride 850,Metformin
511,Opsonin Pharma Limited,Met 1 gm XR,Metformin Hydrochloride 1000 XR,Metformin
512,Opsonin Pharma Limited,Met 750 mg XR,Metformin Hydrochloride 750 XR,Metformin
513,Opsonin Pharma Limited,Met 500 mg XR,Metformin Hydrochloride 500 XR,Metformin
514,Orbit Pharmaceuticals Ltd.,Sumin    500,Metformin Hydrochloride 500,Metformin
515,Organic Health Care,Meformin 500,Metformin Hydrochloride 500,Metformin
516,Organic Health Care,Meformin 850,Metformin Hydrochloride 850,Metformin
517,Orion Pharma Ltd.,Ormin    500,Metformin Hydrochloride 500,Metformin
518,Orion Pharma Ltd.,Ormin    850,Metformin Hydrochloride 850,Metformin
519,Pacific Pharmaceuticals Ltd.,Metfo    500,Metformin Hydrochloride 500,Metformin
520,Pacific Pharmaceuticals Ltd.,Metfo    850,Metformin Hydrochloride 850,Metformin
521,Pacific Pharmaceuticals Ltd.,Metfo  XR  500,Metformin Hydrochloride 500,Metformin
522,Pacific Pharmaceuticals Ltd.,Metfo  XR  750,Metformin Hydrochloride 750 XR,Metformin
523,Pacific Pharmaceuticals Ltd.,Metfo XR 1 gm,Metformin Hydrochloride 1000 XR,Metformin
524,Pharmadesh Laboratories Ltd.,Pimin    500,Metformin Hydrochloride 500,Metformin
525,Pharmadesh Laboratories Ltd.,Pimin    850,Metformin Hydrochloride 850,Metformin
526,Pharmasia Ltd.,Myomet 500,Metformin Hydrochloride 500,Metformin
527,Pharmasia Ltd.,Myomet 850,Metformin Hydrochloride 850,Metformin
528,Pharmik Laboratories Ltd.,Mtmen 500,Metformin Hydrochloride 500,Metformin
529,Popular Pharmaceuticals Ltd.,Metarin    850,Metformin Hydrochloride 850,Metformin
530,Popular Pharmaceuticals Ltd.,Metarin    500,Metformin Hydrochloride 500,Metformin
531,Premier Pharmaceuticals,Mine    850,Metformin Hydrochloride 850,Metformin
532,Premier Pharmaceuticals,Mine-500,Metformin Hydrochloride 500,Metformin
533,Prime Pharmaceuticals Ltd.,Diaformin,Metformin Hydrochloride 500,Metformin
534,Prime Pharmaceuticals Ltd.,Diaformin 850,Metformin Hydrochloride 850,Metformin
535,Radiant Pharmaceuticals Ltd.,Radimet 500 mg,Metformin Hydrochloride 500,Metformin
536,Radiant Pharmaceuticals Ltd.,Radimet 850 mg,Metformin Hydrochloride 850,Metformin
537,Radiant Pharmaceuticals Ltd.,Radimet XR 500 mg,Metformin Hydrochloride 500 XR,Metformin
538,Radiant Pharmaceuticals Ltd.,Radimet XR 1000 mg,Metformin Hydrochloride 1000 XR,Metformin
539,Reliance Pharmaceuticals Ltd.,Etformin    500,Metformin Hydrochloride 500,Metformin
540,Renata Limited,Bigmet    500,Metformin Hydrochloride 500,Metformin
541,Renata Limited,Bigmet    850,Metformin Hydrochloride 850,Metformin
542,Renata Limited,Bigmet 500 XR,Metformin Hydrochloride 500 XR,Metformin
543,Renata Limited,Bigmet 500 XR,Metformin Hydrochloride 500 XR,Metformin
544,Rephco Pharmaceuticals Ltd.,Minirfor    850,Metformin Hydrochloride 850,Metformin
545,Rephco Pharmaceuticals Ltd.,Minifor 500,Metformin Hydrochloride 500,Metformin
546,Rephco Pharmaceuticals Ltd.,Minifor 500,Metformin Hydrochloride 500,Metformin
547,Sanofi Bangladesh Ltd.,Metsa 500 mg,Metformin Hydrochloride 500,Metformin
548,Sanofi Bangladesh Ltd.,Metsa 850 mg,Metformin Hydrochloride 850,Metformin
549,Sharif Pharmaceuticals Ltd.,M-Min 500,Metformin Hydrochloride 500,Metformin
550,Sharif Pharmaceuticals Ltd.,M-Min 850,Metformin Hydrochloride 850,Metformin
551,Silva Pharmaceuticals Ltd.,Gluphage  XR  500,Metformin Hydrochloride 500 XR,Metformin
552,Silva Pharmaceuticals Ltd.,Metlife 850,Metformin Hydrochloride 850,Metformin
553,Somatec Pharmaceuticals Ltd.,Metomin    850,Metformin Hydrochloride 850,Metformin
554,Somatec Pharmaceuticals Ltd.,Metomin 500,Metformin Hydrochloride 500,Metformin
555,Square Formulations Ltd.,Comet XR 500,Metformin Hydrochloride 500,Metformin
556,Square Pharmaceuticals Ltd. Gazipur,Comet    500,Metformin Hydrochloride 500,Metformin
557,Square Pharmaceuticals Ltd. Gazipur,Comet    850,Metformin Hydrochloride 850,Metformin
558,Square Pharmaceuticals Ltd. Gazipur,Comet  XR  1 gm,Metformin Hydrochloride 1000 XR,Metformin
559,Square Pharmaceuticals Ltd. Pabna,Comet    750,Metformin Hydrochloride 750,Metformin
560,Standard Laboratories Ltd.,Stamet     500,Metformin Hydrochloride 500,Metformin
561,Standard Laboratories Ltd.,Stamet     850,Metformin Hydrochloride 850,Metformin
562,Sunman-Birdem Pharma Ltd.,SB-Met 500,Metformin Hydrochloride 500,Metformin
563,Sunman-Birdem Pharma Ltd.,SB-Met 850,Metformin Hydrochloride 850,Metformin
564,Sunman-Birdem Pharma Ltd.,SB-Met XR 1000,Metformin Hydrochloride 1000 XR,Metformin
565,Sunman-Birdem Pharma Ltd.,SB-Met XR 500,Metformin Hydrochloride 500 XR,Metformin
566,Supreme Pharmaceuticals Ltd.,Metin    500,Metformin Hydrochloride 500,Metformin
567,Supreme Pharmaceuticals Ltd.,Metin    850,Metformin Hydrochloride 850,Metformin
568,Techno Drugs Ltd.,Glutec 850,Metformin Hydrochloride 850,Metformin
569,Techno Drugs Ltd.,Glutec 500,Metformin Hydrochloride 500,Metformin
570,The ACME Laboratories Ltd.,Daomin    500,Metformin Hydrochloride 500,Metformin
571,The ACME Laboratories Ltd.,Daomin    850,Metformin Hydrochloride 850,Metformin
572,The ACME Laboratories Ltd.,Daomin 1000,Metformin Hydrochloride 1000,Metformin
573,The ACME Laboratories Ltd.,Daomin XR 500,Metformin Hydrochloride 500 XR,Metformin
574,Unimed Unihealth Manufacturers Ltd.,Meglu 500,Metformin Hydrochloride 500,Metformin
575,Unimed Unihealth Manufacturers Ltd.,Meglu 850,Metformin Hydrochloride 850,Metformin
576,Unimed Unihealth Manufacturers Ltd.,Meglu    750,Metformin Hydrochloride 750,Metformin
577,Unimed Unihealth Manufacturers Ltd.,Meglu-ER 1000,Metformin Hydrochloride 1000 XR,Metformin
578,Unimed Unihealth Manufacturers Ltd.,Meglu-ER 500,Metformin Hydrochloride 500 XR,Metformin
579,Union Pharmaceuticals Ltd.,Uride    850,Metformin Hydrochloride 850,Metformin
580,United Chemicals & Pharmaceuticals Ltd.,Mefin    500,Metformin Hydrochloride 500,Metformin
581,United Chemicals & Pharmaceuticals Ltd.,Mefin    850,Metformin Hydrochloride 850,Metformin
582,Veritas Pharmaceuticals Ltd.,Verimet 500,Metformin Hydrochloride 500,Metformin
583,Veritas Pharmaceuticals Ltd.,Verimet 850,Metformin Hydrochloride 850,Metformin
584,Virgo Pharmaceuticals Ltd.,Diamin 500,Metformin Hydrochloride 500,Metformin
585,Virgo Pharmaceuticals Ltd.,Diamin 850,Metformin Hydrochloride 850,Metformin
586,White Horse Pharma,Metfar    850,Metformin Hydrochloride 850,Metformin
587,White Horse Pharma,Metfar    500,Metformin Hydrochloride 500,Metformin
588,White Horse Pharma,Metfar  SR  500,Metformin Hydrochloride 500 XR,Metformin
589,White Horse Pharma,Metfar SR 1 gm,Metformin Hydrochloride 1000 XR,Metformin
590,Zenith Pharmaceuticals Ltd.,Formin    500,Metformin Hydrochloride 500,Metformin
591,Zenith Pharmaceuticals Ltd.,Formin    850,Metformin Hydrochloride 850,Metformin
592,Advanced Chemical Industries Limited,Politor    850,Metformin Hydrochloride 850 + Pioglitazone 15,Thiazoledinedione + Metformin
593,Advanced Chemical Industries Limited,Politor    500,Metformin Hydrochloride 500 + Pioglitazone 15,Thiazoledinedione + Metformin
594,Beximco Pharmaceuticals Ltd.,CoDiaglit 500,Metformin Hydrochloride 500 + Pioglitazone 15,Thiazoledinedione + Metformin
595,Beximco Pharmaceuticals Ltd.,CoDiaglit 850,Metformin Hydrochloride 850 + Pioglitazone 15,Thiazoledinedione + Metformin
596,Drug International Ltd.,Piozena Plus 500,Metformin Hydrochloride 500 + Pioglitazone 15,Thiazoledinedione + Metformin
597,Drug International Ltd.,Piozena Plus 850,Metformin Hydrochloride 850 + Pioglitazone 15,Thiazoledinedione + Metformin
598,Eskayef Pharmaceuticals Ltd. Mirpur.,Metopa    500,Metformin Hydrochloride 500 + Pioglitazone 15,Thiazoledinedione + Metformin
599,Incepta Pharmaceuticals Ltd.,Compimet    500,Metformin Hydrochloride 500 + Pioglitazone 15,Thiazoledinedione + Metformin
600,Incepta Pharmaceuticals Ltd.,Compimet    850,Metformin Hydrochloride 850 + Pioglitazone 15,Thiazoledinedione + Metformin
601,Kemiko Pharmaceuticals Ltd.,Oglimet 850,Metformin Hydrochloride 850 + Pioglitazone 15,Thiazoledinedione + Metformin
602,Kemiko Pharmaceuticals Ltd.,Orlimet 500,Metformin Hydrochloride 500 + Pioglitazone 15,Thiazoledinedione + Metformin
603,Navana Pharmaceuticals Ltd.,Piobig 15/500,Metformin Hydrochloride 500 + Pioglitazone 15,Thiazoledinedione + Metformin
604,Navana Pharmaceuticals Ltd.,Piobig 15/850,Metformin Hydrochloride 850 + Pioglitazone 15,Thiazoledinedione + Metformin
605,Opsonin Pharma Limited,Piol M   500,Metformin Hydrochloride 500 + Pioglitazone 15,Thiazoledinedione + Metformin
606,Opsonin Pharma Limited,Piol M   850,Metformin Hydrochloride 850 + Pioglitazone 15,Thiazoledinedione + Metformin
607,Pacific Pharmaceuticals Ltd.,Piomin    500,Metformin Hydrochloride 500 + Pioglitazone 15,Thiazoledinedione + Metformin
608,Pacific Pharmaceuticals Ltd.,Piomin    850,Metformin Hydrochloride 850 + Pioglitazone 15,Thiazoledinedione + Metformin
609,Silva Pharmaceuticals Ltd.,Piomet    500,Metformin Hydrochloride 500 + Pioglitazone 15,Thiazoledinedione + Metformin
610,Silva Pharmaceuticals Ltd.,Piomet    850,Metformin Hydrochloride 850 + Pioglitazone 15,Thiazoledinedione + Metformin
611,Square Pharmaceuticals Ltd. Pabna,Rezulin    850,Metformin Hydrochloride 850 + Pioglitazone 15,Thiazoledinedione + Metformin
612,Square Pharmaceuticals Ltd. Pabna,Rezulin    500,Metformin Hydrochloride 500 + Pioglitazone 15,Thiazoledinedione + Metformin
613,Unimed Unihealth Manufacturers Ltd.,Actomeg    500,Metformin Hydrochloride 500 + Pioglitazone 15,Thiazoledinedione + Metformin
614,Unimed Unihealth Manufacturers Ltd.,Actomeg    850,Metformin Hydrochloride 850 + Pioglitazone 15,Thiazoledinedione + Metformin
615,Veritas Pharmaceuticals Ltd.,Piover M 500,Metformin Hydrochloride 500 + Pioglitazone 15,Thiazoledinedione + Metformin
616,Veritas Pharmaceuticals Ltd.,Piover M 850,Metformin Hydrochloride 850 + Pioglitazone 15,Thiazoledinedione + Metformin
617,White Horse Pharma,Glitamin    500,Metformin Hydrochloride 500 + Pioglitazone 15,Thiazoledinedione + Metformin
618,White Horse Pharma,Glitamin    850,Metformin Hydrochloride 850 + Pioglitazone 15,Thiazoledinedione + Metformin
619,Aristopharma Limited,Armomet 1,Metformin Hydrochloride 500 + Rosiglitazone 1,Thiazoledinedione + Metformin
620,Delta Pharma Limited,Rosimet    500/1,Metformin Hydrochloride 500 + Rosiglitazone 1,Thiazoledinedione + Metformin
621,General Pharmaceuticals Ltd.,Metiglit    500/1,Metformin Hydrochloride 500 + Rosiglitazone 1,Thiazoledinedione + Metformin
622,Popular Pharmaceuticals Ltd.,Metarin Plus,Metformin Hydrochloride 500 + Rosiglitazone 1,Thiazoledinedione + Metformin
623,Square Pharmaceuticals Ltd. Pabna,Sensimet    500/1,Metformin Hydrochloride 500 + Rosiglitazone 1,Thiazoledinedione + Metformin
624,White Horse Pharma,Rosimin    500/1,Metformin Hydrochloride 500 + Rosiglitazone 1,Thiazoledinedione + Metformin
625,Advanced Chemical Industries Limited,Sitomet 50/500,Metformin Hydrochloride 500 + Sitagliptin 50,DPP-4 inhibitor + Metformin
626,Advanced Chemical Industries Limited,Sitomet 50/1000,Metformin Hydrochloride 1000 + Sitagliptin 50,DPP-4 inhibitor + Metformin
627,Beximco Pharmaceuticals Ltd.,Glipita M 50/500,Metformin Hydrochloride 500 + Sitagliptin 50,DPP-4 inhibitor + Metformin
628,Beximco Pharmaceuticals Ltd.,Glipita M 1000/50,Metformin Hydrochloride 1000 + Sitagliptin 50,DPP-4 inhibitor + Metformin
629,Beximco Pharmaceuticals Ltd.,Glipita M XR 500,Metformin Hydrochloride 500 + Sitagliptin 50,DPP-4 inhibitor + Metformin
630,Beximco Pharmaceuticals Ltd.,Glipita M XR 1000,Metformin Hydrochloride 1000 + Sitagliptin 50,DPP-4 inhibitor + Metformin
631,Delta Pharma Limited,Sitalia M 500,Metformin Hydrochloride 500 + Sitagliptin 50,DPP-4 inhibitor + Metformin
632,Delta Pharma Limited,Sitalia M 1000,Metformin Hydrochloride 1000 + Sitagliptin 50,DPP-4 inhibitor + Metformin
633,Delta Pharma Limited,Sitalia M 500,Metformin Hydrochloride 500 + Sitagliptin 50,DPP-4 inhibitor + Metformin
634,Drug International Ltd.,Sliptin-M 500,Metformin Hydrochloride 500 + Sitagliptin 50,DPP-4 inhibitor + Metformin
635,Drug International Ltd.,Sliptin-M 1000,Metformin Hydrochloride 1000 + Sitagliptin 50,DPP-4 inhibitor + Metformin
636,Drug International Ltd.,Sliptin M-1000 ER,Metformin Hydrochloride 1000 + Sitagliptin 50,DPP-4 inhibitor + Metformin
637,Drug International Ltd.,Sliptin M-500 ER,Metformin Hydrochloride 500 + Sitagliptin 50,DPP-4 inhibitor + Metformin
638,"Eskayef Pharmaceuticals Ltd., Tongi,Gazipur",Sitazid M 50/1000,Metformin Hydrochloride 1000 + Sitagliptin 50,DPP-4 inhibitor + Metformin
639,"Eskayef Pharmaceuticals Ltd., Tongi,Gazipur",Sitazid M 50/500,Metformin Hydrochloride 500 + Sitagliptin 50,DPP-4 inhibitor + Metformin
640,Globe Pharmaceuticals Ltd.,Sucosit-M 50/500,Metformin Hydrochloride 500 + Sitagliptin 50,DPP-4 inhibitor + Metformin
641,Globe Pharmaceuticals Ltd.,Sucosit-M 50/1000,Metformin Hydrochloride 1000 + Sitagliptin 50,DPP-4 inhibitor + Metformin
642,Healthcare Pharmaceuticals Ltd.,Silinor-M 50/500,Metformin Hydrochloride 500 + Sitagliptin 50,DPP-4 inhibitor + Metformin
643,Healthcare Pharmaceuticals Ltd.,Silinor-M 50/1000,Metformin Hydrochloride 1000 + Sitagliptin 50,DPP-4 inhibitor + Metformin
644,Incepta Pharmaceuticals Ltd.,Sitagil M 500/500 ER Tab,Metformin Hydrochloride 500 + Sitagliptin 50,DPP-4 inhibitor + Metformin
645,Incepta Pharmaceuticals Ltd.,Sitagil M 50/1000 ER Tab.,Metformin Hydrochloride 1000 + Sitagliptin 50,DPP-4 inhibitor + Metformin
646,Incepta Pharmaceuticals Ltd.,Sitagil M 100/1000 ER,Metformin Hydrochloride 1000 + Sitagliptin 50,DPP-4 inhibitor + Metformin
647,Opsonin Pharma Limited,Sitadus-M 50/1000 mg,Metformin Hydrochloride 1000 + Sitagliptin 50,DPP-4 inhibitor + Metformin
648,Opsonin Pharma Limited,Sitadus-M 50/500 mg,Metformin Hydrochloride 500 + Sitagliptin 50,DPP-4 inhibitor + Metformin
649,Pacific Pharmaceuticals Ltd.,SGN Plus 500,Metformin Hydrochloride 500 + Sitagliptin 50,DPP-4 inhibitor + Metformin
650,Pacific Pharmaceuticals Ltd.,SGN 1000,Metformin Hydrochloride 1000 + Sitagliptin 50,DPP-4 inhibitor + Metformin
651,Radiant Pharmaceuticals Ltd.,Radiglip-M 50 mg/500 mg,Metformin Hydrochloride 500 + Sitagliptin 50,DPP-4 inhibitor + Metformin
652,Renata Limited,Sitamet 50/500,Metformin Hydrochloride 500 + Sitagliptin 50,DPP-4 inhibitor + Metformin
653,Sharif Pharmaceuticals Ltd.,Sitavia-M 50/1000,Metformin Hydrochloride 1000 + Sitagliptin 50,DPP-4 inhibitor + Metformin
654,Sharif Pharmaceuticals Ltd.,Sitavia-M 50/500,Metformin Hydrochloride 500 + Sitagliptin 50,DPP-4 inhibitor + Metformin
655,Square Pharmaceuticals Ltd. Pabna,Siglimet 50/500,Metformin Hydrochloride 500 + Sitagliptin 50,DPP-4 inhibitor + Metformin
656,Square Pharmaceuticals Ltd. Pabna,Siglimet 50/1000,Metformin Hydrochloride 1000 + Sitagliptin 50,DPP-4 inhibitor + Metformin
657,Square Pharmaceuticals Ltd. Pabna,Siglimet XR 50/500,Metformin Hydrochloride 500 + Sitagliptin 50,DPP-4 inhibitor + Metformin
658,Square Pharmaceuticals Ltd. Pabna,Siglimet XR 50/1000,Metformin Hydrochloride 1000 + Sitagliptin 50,DPP-4 inhibitor + Metformin
659,Square Pharmaceuticals Ltd. Pabna,Siglimet XR 100/1000,Metformin Hydrochloride 1000 + Sitagliptin 50,DPP-4 inhibitor + Metformin
660,Sun Pharmaceutical (Bangladesh) Ltd.,Glucodip-M XR 500,Metformin Hydrochloride 500 + Sitagliptin 50,DPP-4 inhibitor + Metformin
661,Sun Pharmaceutical (Bangladesh) Ltd.,Glucodip-M XR 1000,Metformin Hydrochloride 1000 + Sitagliptin 50,DPP-4 inhibitor + Metformin
662,Sunman-Birdem Pharma Ltd.,SB-Metsita 500/50,Metformin Hydrochloride 500 + Sitagliptin 50,DPP-4 inhibitor + Metformin
663,Sunman-Birdem Pharma Ltd.,SB-Metsita 1000/50,Metformin Hydrochloride 1000 + Sitagliptin 50,DPP-4 inhibitor + Metformin
664,The ACME Laboratories Ltd.,Janmet 500,Metformin Hydrochloride 500 + Sitagliptin 50,DPP-4 inhibitor + Metformin
665,The ACME Laboratories Ltd.,Janmet 1000,Metformin Hydrochloride 1000 + Sitagliptin 50,DPP-4 inhibitor + Metformin
666,White Horse Pharma,Sigtil-M 50/500,Metformin Hydrochloride 500 + Sitagliptin 50,DPP-4 inhibitor + Metformin
667,White Horse Pharma,Sigtil-M 50/1000,Metformin Hydrochloride 1000 + Sitagliptin 50,DPP-4 inhibitor + Metformin
668,Advanced Chemical Industries Limited,Aptin M 50/500,Metformin Hydrochloride 500 + Vildagliptin 50 ,DPP-4 inhibitor + Metformin
669,Advanced Chemical Industries Limited,Aptin M 50/850,Metformin Hydrochloride 850 + Vildagliptin 50,DPP-4 inhibitor + Metformin
670,Albion Laboratories Ltd.,Reclevus Met 50/500,Metformin Hydrochloride 500 + Vildagliptin 50 ,DPP-4 inhibitor + Metformin
671,Albion Laboratories Ltd.,Reclevus Met 50/850,Metformin Hydrochloride 850 + Vildagliptin 50,DPP-4 inhibitor + Metformin
672,Aristopharma Limited,Gluvan Plus 500,Metformin Hydrochloride 500 + Vildagliptin 50 ,DPP-4 inhibitor + Metformin
673,Aristopharma Limited,Gluvan Plus 850,Metformin Hydrochloride 850 + Vildagliptin 50,DPP-4 inhibitor + Metformin
674,Concord Pharmaceuticals Ltd.,Vildaglip-M 50/500,Metformin Hydrochloride 500 + Vildagliptin 50 ,DPP-4 inhibitor + Metformin
675,Drug International Ltd.,Dialiptin-M 500,Metformin Hydrochloride 500 + Vildagliptin 50 ,DPP-4 inhibitor + Metformin
676,Drug International Ltd.,Dialiptin M 850,Metformin Hydrochloride 850 + Vildagliptin 50,DPP-4 inhibitor + Metformin
677,"Eskayef Pharmaceuticals Ltd., Tongi,Gazipur",Vigmet 50/500,Metformin Hydrochloride 500 + Vildagliptin 50 ,DPP-4 inhibitor + Metformin
678,"Eskayef Pharmaceuticals Ltd., Tongi,Gazipur",Vigamet 50/850,Metformin Hydrochloride 850 + Vildagliptin 50,DPP-4 inhibitor + Metformin
679,General Pharmaceuticals Ltd.,Viptin Plus 500,Metformin Hydrochloride 500 + Vildagliptin 50 ,DPP-4 inhibitor + Metformin
680,General Pharmaceuticals Ltd.,Viptin Plus 850,Metformin Hydrochloride 850 + Vildagliptin 50,DPP-4 inhibitor + Metformin
681,Globe Pharmaceuticals Ltd.,Sucovil M 50/500,Metformin Hydrochloride 500 + Vildagliptin 50 ,DPP-4 inhibitor + Metformin
682,Globe Pharmaceuticals Ltd.,Sucovil M 50/850,Metformin Hydrochloride 850 + Vildagliptin 50,DPP-4 inhibitor + Metformin
683,Healthcare Pharmaceuticals Ltd.,Redia-M 50/500 mg,Metformin Hydrochloride 500 + Vildagliptin 50 ,DPP-4 inhibitor + Metformin
684,Healthcare Pharmaceuticals Ltd.,Redia-M 50/850 mg,Metformin Hydrochloride 850 + Vildagliptin 50,DPP-4 inhibitor + Metformin
685,Medicon Pharmaceuticals Ltd.,Metnil Plus 50/500 mg,Metformin Hydrochloride 500 + Vildagliptin 50 ,DPP-4 inhibitor + Metformin
686,NIPRO JMI Pharma Limited,Viltab Plus 50/500 mg,Metformin Hydrochloride 500 + Vildagliptin 50 ,DPP-4 inhibitor + Metformin
687,Opsonin Pharma Limited,Vildamet 50/500,Metformin Hydrochloride 500 + Vildagliptin 50 ,DPP-4 inhibitor + Metformin
688,Opsonin Pharma Limited,Vildamet 50/850,Metformin Hydrochloride 850 + Vildagliptin 50,DPP-4 inhibitor + Metformin
689,Orion Pharma Ltd.,Vildastar-M 50/500,Metformin Hydrochloride 500 + Vildagliptin 50 ,DPP-4 inhibitor + Metformin
690,Orion Pharma Ltd.,Vildastar-M 50/850,Metformin Hydrochloride 850 + Vildagliptin 50,DPP-4 inhibitor + Metformin
691,Pacific Pharmaceuticals Ltd.,Vida Plus 500,Metformin Hydrochloride 500 + Vildagliptin 50 ,DPP-4 inhibitor + Metformin
692,Pacific Pharmaceuticals Ltd.,Vida Plus 850,Metformin Hydrochloride 850 + Vildagliptin 50,DPP-4 inhibitor + Metformin
693,Pharmasia Ltd.,Indag-Med 500,Metformin Hydrochloride 500 + Vildagliptin 50 ,DPP-4 inhibitor + Metformin
694,Pharmasia Ltd.,Indag-Met 850,Metformin Hydrochloride 850 + Vildagliptin 50,DPP-4 inhibitor + Metformin
695,Radiant Pharmaceuticals Ltd.,Radivil-M 50 mg/500 mg,Metformin Hydrochloride 500 + Vildagliptin 50 ,DPP-4 inhibitor + Metformin
696,Sharif Pharmaceuticals Ltd.,Vildagil M 500,Metformin Hydrochloride 500 + Vildagliptin 50 ,DPP-4 inhibitor + Metformin
697,Sharif Pharmaceuticals Ltd.,Vildagil M 850,Metformin Hydrochloride 850 + Vildagliptin 50,DPP-4 inhibitor + Metformin
698,Square Pharmaceuticals Ltd. Pabna,Viglimet 50/500,Metformin Hydrochloride 500 + Vildagliptin 50 ,DPP-4 inhibitor + Metformin
699,Square Pharmaceuticals Ltd. Pabna,Viglimet 50/850,Metformin Hydrochloride + Vildagliptin,DPP-4 inhibitor + Metformin
700,Sunman-Birdem Pharma Ltd.,SB-Metvilda 500/50,Metformin Hydrochloride 500 + Vildagliptin 50 ,DPP-4 inhibitor + Metformin
701,Sunman-Birdem Pharma Ltd.,SB-Metvilda 850/50,Metformin Hydrochloride 850 + Vildagliptin 50,DPP-4 inhibitor + Metformin
702,The ACME Laboratories Ltd.,Vildapin Plus 500,Metformin Hydrochloride 500 + Vildagliptin 50 ,DPP-4 inhibitor + Metformin
703,The ACME Laboratories Ltd.,Vildapin Plus 850,Metformin Hydrochloride 850 + Vildagliptin 50,DPP-4 inhibitor + Metformin
704,White Horse Pharma,Galet-M 50/500,Metformin Hydrochloride 500 + Vildagliptin 50 ,DPP-4 inhibitor + Metformin
705,White Horse Pharma,Galet-M 50/850,Metformin Hydrochloride 850 + Vildagliptin 50,DPP-4 inhibitor + Metformin
706,Advanced Chemical Industries Limited,Diaset 25 mg,Miglitol 25,Alpha Glucosides inhibitor
707,Advanced Chemical Industries Limited,Diaset 50 mg,Miglitol 50,Alpha Glucosides inhibitor
708,Advanced Chemical Industries Limited,Diaset 100 mg,Miglitol 10,Alpha Glucosides inhibitor
709,Square Pharmaceuticals Ltd. Pabna,Nopik    120,Nateglinide 120,Meglitinide
710,Ad-din Pharmaceuticals Ltd.,Pizobet 15,Pioglitazone 15,Thiazoledinedione
711,Advanced Chemical Industries Limited,Diatag F/C   15,Pioglitazone 15,Thiazoledinedione
712,Alco Pharma Limited,Piolit    15,Pioglitazone 15,Thiazoledinedione
713,Aristopharma Limited,Glucozon    15,Pioglitazone 15,Thiazoledinedione
714,Beximco Pharmaceuticals Ltd.,Diaglit    15,Pioglitazone 15,Thiazoledinedione
715,Biopharma Ltd.,Preglit 15,Pioglitazone 15,Thiazoledinedione
716,Doctor's Chemicals Works Ltd.,Piozon    15,Pioglitazone 15,Thiazoledinedione
717,Drug International Ltd.,Piozena    15,Pioglitazone 15,Thiazoledinedione
718,General Pharmaceuticals Ltd.,Adpas    15,Pioglitazone 15,Thiazoledinedione
719,Ibn Sina Pharmaceutical Ind. Ltd.,Glitazon    15,Pioglitazone 15,Thiazoledinedione
720,Incepta Pharmaceuticals Ltd.,Piodar    15,Pioglitazone 15,Thiazoledinedione
721,Jayson Pharmaceuticals Ltd.,Peegee    15,Pioglitazone 15,Thiazoledinedione
722,Kemiko Pharmaceuticals Ltd.,Ogli    15,Pioglitazone 15,Thiazoledinedione
723,Medicon Pharmaceuticals Ltd.,Pionil,Pioglitazone 15,Thiazoledinedione
724,Medimet Pharmaceuticals Ltd.,Diapiotab    15,Pioglitazone 15,Thiazoledinedione
725,Millat Pharmaceuticals Ltd.,Piotab    15,Pioglitazone 15,Thiazoledinedione
726,National Laboratories Ltd.,Pioglinet    15,Pioglitazone 15,Thiazoledinedione
727,Navana Pharmaceuticals Ltd.,Diatus 15,Pioglitazone 15,Thiazoledinedione
728,Opsonin Pharma Limited,Piol    15,Pioglitazone 15,Thiazoledinedione
729,Pacific Pharmaceuticals Ltd.,Piglit    15,Pioglitazone 15,Thiazoledinedione
730,Renata Limited,Pioglin    15,Pioglitazone 15,Thiazoledinedione
731,Sanofi Bangladesh Ltd.,Saglit    15,Pioglitazone 15,Thiazoledinedione
732,Sharif Pharmaceuticals Ltd.,Pigzon 15,Pioglitazone 15,Thiazoledinedione
733,Square Pharmaceuticals Ltd. Pabna,Tos    15,Pioglitazone 15,Thiazoledinedione
734,The ACME Laboratories Ltd.,Pidus,Pioglitazone 15,Thiazoledinedione
735,Unimed Unihealth Manufacturers Ltd.,Actose    15,Pioglitazone 15,Thiazoledinedione
736,Union Pharmaceuticals Ltd.,Uzone    15,Pioglitazone 15,Thiazoledinedione
737,White Horse Pharma,Lit    15,Pioglitazone 15,Thiazoledinedione
738,Alco Pharma Limited,Repaglid    2,Repaglinide 2,Meglitinide
739,Alco Pharma Limited,Repaglid    1,Repaglinide 1,Meglitinide
740,Beximco Pharmaceuticals Ltd.,Premil    0.5,Repaglinide 0.5,Meglitinide
741,Beximco Pharmaceuticals Ltd.,Premil    1,Repaglinide 1,Meglitinide
742,Beximco Pharmaceuticals Ltd.,Premil    2,Repaglinide 2,Meglitinide
743,Cosmic Pharma Ltd.,Diglinide    1,Repaglinide 1,Meglitinide
744,Drug International Ltd.,Glimet    1,Repaglinide 1,Meglitinide
745,General Pharmaceuticals Ltd.,Reglin    0.5,Repaglinide 0.5,Meglitinide
746,General Pharmaceuticals Ltd.,Reglin    1,Repaglinide 1,Meglitinide
747,General Pharmaceuticals Ltd.,Reglin    2,Repaglinide 2,Meglitinide
748,Hallmark Pharmaceuticals Ltd.,Glin    1,Repaglinide 1,Meglitinide
749,Incepta Pharmaceuticals Ltd.,Nomopil    0.5,Repaglinide 0.5,Meglitinide
750,Incepta Pharmaceuticals Ltd.,Nomopil    1,Repaglinide 1,Meglitinide
751,Incepta Pharmaceuticals Ltd.,Nomopil    2,Repaglinide 2,Meglitinide
752,Kemiko Pharmaceuticals Ltd.,Glinide    1,Repaglinide 1,Meglitinide
753,Kemiko Pharmaceuticals Ltd.,Glinide    0.5,Repaglinide 0.5,Meglitinide
754,Kemiko Pharmaceuticals Ltd.,Glinide    2,Repaglinide 2,Meglitinide
755,Opsonin Pharma Limited,Repanid    0.5,Repaglinide 0.5,Meglitinide
756,Opsonin Pharma Limited,Repanid    2,Repaglinide 2,Meglitinide
757,Opsonin Pharma Limited,Repanid    1,Repaglinide 1,Meglitinide
758,Pacific Pharmaceuticals Ltd.,Gluretor    2,Repaglinide 2,Meglitinide
759,Pacific Pharmaceuticals Ltd.,Gluretor    1,Repaglinide 1,Meglitinide
760,Pacific Pharmaceuticals Ltd.,Gluretor    0.5,Repaglinide 0.5,Meglitinide
761,Renata Limited,Singlin    0.5,Repaglinide 0.5,Meglitinide
762,Renata Limited,Singlin    1,Repaglinide 1,Meglitinide
763,Renata Limited,Singlin    2,Repaglinide 2,Meglitinide
764,Rephco Pharmaceuticals Ltd.,Dianorm    1,Repaglinide 1,Meglitinide
765,Square Pharmaceuticals Ltd. Pabna,Repran    2,Repaglinide 2,Meglitinide
766,Square Pharmaceuticals Ltd. Pabna,Repran    1,Repaglinide 1,Meglitinide
767,Square Pharmaceuticals Ltd. Pabna,Repran    0.5,Repaglinide 0.5,Meglitinide
768,Techno Drugs Ltd.,Diarepa    1,Repaglinide 1,Meglitinide
769,Unimed Unihealth Manufacturers Ltd.,Prandil    0.5,Repaglinide 0.5,Meglitinide
770,Unimed Unihealth Manufacturers Ltd.,Prandil    1,Repaglinide 1,Meglitinide
771,Unimed Unihealth Manufacturers Ltd.,Prandil    2,Repaglinide 2,Meglitinide
772,White Horse Pharma,Prefid 1,Repaglinide 1,Meglitinide
773,Drug International Ltd.,Sixtin 2.5,Saxagliptin 2.5,DPP-4 inhibitor
774,Drug International Ltd.,Sixtin 5,Saxagliptin 5,DPP-4 inhibitor
775,Ibn Sina Pharmaceutical Ind. Ltd.,Glyza 2.5,Saxagliptin 2.5,DPP-4 inhibitor
776,Ibn Sina Pharmaceutical Ind. Ltd.,Glyza 5,Saxagliptin 5,DPP-4 inhibitor
777,Advanced Chemical Industries Limited,Sitap 100,Sitagliptin 100,DPP-4 inhibitor
778,Advanced Chemical Industries Limited,Sitap 50,Sitagliptin 50,DPP-4 inhibitor
779,Beximco Pharmaceuticals Ltd.,Glipita 100,Sitagliptin 100,DPP-4 inhibitor
780,Beximco Pharmaceuticals Ltd.,Glipita 50,Sitagliptin 50,DPP-4 inhibitor
781,Biopharma Ltd.,Biogliptin 50,Sitagliptin 50,DPP-4 inhibitor
782,Biopharma Ltd.,Biogliptin 100,Sitagliptin 100,DPP-4 inhibitor
783,Delta Pharma Limited,Sitalia 50,Sitagliptin 50,DPP-4 inhibitor
784,Delta Pharma Limited,Sitalia 100,Sitagliptin 100,DPP-4 inhibitor
785,Drug International Ltd.,Sliptin 50,Sitagliptin 50,DPP-4 inhibitor
786,Drug International Ltd.,Sliptin 25,Sitagliptin 25,DPP-4 inhibitor
787,Drug International Ltd.,Sliptin 50,Sitagliptin 50,DPP-4 inhibitor
788,"Eskayef Pharmaceuticals Ltd., Tongi,Gazipur",Sitazid 100,Sitagliptin 100,DPP-4 inhibitor
789,"Eskayef Pharmaceuticals Ltd., Tongi,Gazipur",Sitazid 50,Sitagliptin 50,DPP-4 inhibitor
790,"Eskayef Pharmaceuticals Ltd., Tongi,Gazipur",Sitazid 25,Sitagliptin 25,DPP-4 inhibitor
791,Globe Pharmaceuticals Ltd.,Sucosit 50,Sitagliptin 50,DPP-4 inhibitor
792,Globe Pharmaceuticals Ltd.,Sucosit 100,Sitagliptin 100,DPP-4 inhibitor
793,Healthcare Pharmaceuticals Ltd.,Silinor 50,Sitagliptin 50,DPP-4 inhibitor
794,Healthcare Pharmaceuticals Ltd.,Silinor 100,Sitagliptin 100,DPP-4 inhibitor
795,Healthcare Pharmaceuticals Ltd.,Silinor 25,Sitagliptin 25,DPP-4 inhibitor
796,Incepta Pharmaceuticals Ltd.,Sitagil 100,Sitagliptin 100,DPP-4 inhibitor
797,Incepta Pharmaceuticals Ltd.,Sitagil 25,Sitagliptin 25,DPP-4 inhibitor
798,Incepta Pharmaceuticals Ltd.,Sitagil 50,Sitagliptin 50,DPP-4 inhibitor
799,NIPRO JMI Pharma Limited,Sitapin 100,Sitagliptin 100,DPP-4 inhibitor
800,Opsonin Pharma Limited,Glyptin 50 mg,Sitagliptin 50,DPP-4 inhibitor
801,Opsonin Pharma Limited,Glyptin 100 mg,Sitagliptin 100,DPP-4 inhibitor
802,Opsonin Pharma Limited,Glyptin 25mg,Sitagliptin 25,DPP-4 inhibitor
803,Pacific Pharmaceuticals Ltd.,SGN 25,Sitagliptin 25,DPP-4 inhibitor
804,Pacific Pharmaceuticals Ltd.,SGN 50,Sitagliptin 50,DPP-4 inhibitor
805,Pacific Pharmaceuticals Ltd.,SGN 100,Sitagliptin 100,DPP-4 inhibitor
806,Radiant Pharmaceuticals Ltd.,Radiglip 50 mg,Sitagliptin 50,DPP-4 inhibitor
807,Sanofi Bangladesh Ltd.,Incrit 100 mg,Sitagliptin 100,DPP-4 inhibitor
808,Sanofi Bangladesh Ltd.,Incrit 50,Sitagliptin 50,DPP-4 inhibitor
809,Sanofi Bangladesh Ltd.,Incrit-M XR 500 mg,Sitagliptin 50 + Metformin 500,DPP-4 inhibitor + Metformin
810,Sharif Pharmaceuticals Ltd.,Sitavia 50,Sitagliptin 50,DPP-4 inhibitor
811,Sharif Pharmaceuticals Ltd.,Sitavia 100,Sitagliptin 100,DPP-4 inhibitor
812,Square Pharmaceuticals Ltd. Pabna,Siglita100,Sitagliptin 100,DPP-4 inhibitor
813,Square Pharmaceuticals Ltd. Pabna,Siglita 50,Sitagliptin 50,DPP-4 inhibitor
814,Sun Pharmaceutical (Bangladesh) Ltd.,Glucodip 25,Sitagliptin 25,DPP-4 inhibitor
815,Sun Pharmaceutical (Bangladesh) Ltd.,Glucodip 50,Sitagliptin 50,DPP-4 inhibitor
816,Sun Pharmaceutical (Bangladesh) Ltd.,Glucodip 100,Sitagliptin 100,DPP-4 inhibitor
817,Sunman-Birdem Pharma Ltd.,SB-Sita 50,Sitagliptin 50,DPP-4 inhibitor
818,Sunman-Birdem Pharma Ltd.,SB-Sita 100,Sitagliptin 100,DPP-4 inhibitor
819,The ACME Laboratories Ltd.,Janvia 50,Sitagliptin 50,DPP-4 inhibitor
820,The ACME Laboratories Ltd.,Janvia 100,Sitagliptin 100,DPP-4 inhibitor
821,White Horse Pharma,Sigtil 50,Sitagliptin 50,DPP-4 inhibitor
822,White Horse Pharma,Sigtil-25,Sitagliptin 25,DPP-4 inhibitor
823,White Horse Pharma,Sigtil-100,Sitagliptin 100,DPP-4 inhibitor
824,Advanced Chemical Industries Limited,Aptin 50,Vildagliptin 50,DPP-4 inhibitor
825,Albion Laboratories Ltd.,Reclevus-50 F. C,Vildagliptin 50,DPP-4 inhibitor
826,Alco Pharma Limited,Gluvil 50,Vildagliptin 50,DPP-4 inhibitor
827,Aristopharma Limited,Gluvan 50,Vildagliptin 50,DPP-4 inhibitor
828,Biopharma Ltd.,Diavil-50,Vildagliptin 50,DPP-4 inhibitor
829,Concord Pharmaceuticals Ltd.,Vildaglip 50,Vildagliptin 50,DPP-4 inhibitor
830,Drug International Ltd.,Dialiptin 50,Vildagliptin 50,DPP-4 inhibitor
831,"Eskayef Pharmaceuticals Ltd., Tongi,Gazipur",Vigatin 50,Vildagliptin 50,DPP-4 inhibitor
832,General Pharmaceuticals Ltd.,Viptin 50,Vildagliptin 50,DPP-4 inhibitor
833,Globe Pharmaceuticals Ltd.,Sucovil 50,Vildagliptin 50,DPP-4 inhibitor
834,Healthcare Pharmaceuticals Ltd.,Redia 50 mg,Vildagliptin 50,DPP-4 inhibitor
835,Novartis  (Bangladesh) Ltd.,Galvus 50 mg,Vildagliptin 50,DPP-4 inhibitor
836,Opsonin Pharma Limited,Vildus 50 mg,Vildagliptin 50,DPP-4 inhibitor
837,Pacific Pharmaceuticals Ltd.,Vida 50,Vildagliptin 50,DPP-4 inhibitor
838,Pharmacil Ltd.,Ildiptin 50 mg,Vildagliptin 50,DPP-4 inhibitor
839,Popular Pharmaceuticals Ltd.,Galvid 50,Vildagliptin 50,DPP-4 inhibitor
840,Radiant Pharmaceuticals Ltd.,Radivil 50 mg,Vildagliptin 50,DPP-4 inhibitor
841,Sharif Pharmaceuticals Ltd.,Vildagil 50,Vildagliptin 50,DPP-4 inhibitor
842,Square Formulations Ltd.,Viglita 50,Vildagliptin 50,DPP-4 inhibitor
843,Square Pharmaceuticals Ltd. Pabna,Viglita 50,Vildagliptin 50,DPP-4 inhibitor
844,Sunman-Birdem Pharma Ltd.,SB-Vilda 50,Vildagliptin 50,DPP-4 inhibitor
845,The ACME Laboratories Ltd.,Vildapin 50,Vildagliptin 50,DPP-4 inhibitor
846,United Chemicals & Pharmaceuticals Ltd.,Vilaptin 50,Vildagliptin 50,DPP-4 inhibitor
847,White Horse Pharma,Galet 50,Vildagliptin 50,DPP-4 inhibitor
848,Beximco Pharmaceuticals Ltd.,Vibose 0.2,Voglibose 0.2,Alpha Glucosides inhibitor
849,Beximco Pharmaceuticals Ltd.,Vibose 0.3,Voglibose 0.3,Alpha Glucosides inhibitor
850,Sun Pharmaceutical (Bangladesh) Ltd.,Volibo 0.2,Voglibose 0.2,Alpha Glucosides inhibitor
851,Sun Pharmaceutical (Bangladesh) Ltd.,Volibo 0.3,Voglibose 0.3,Alpha Glucosides inhibitor
